frame,timestamp,seconds,file,sheet
path_0001.jpg,00:00,0,Reference/youtube_tUMoegiI5_Q/pathway_frames_2sec/path_0001.jpg,Reference/pathway_atlas/pathway_sheet_01_00m.jpg
path_0002.jpg,00:02,2,Reference/youtube_tUMoegiI5_Q/pathway_frames_2sec/path_0002.jpg,Reference/pathway_atlas/pathway_sheet_01_00m.jpg
path_0003.jpg,00:04,4,Reference/youtube_tUMoegiI5_Q/pathway_frames_2sec/path_0003.jpg,Reference/pathway_atlas/pathway_sheet_01_00m.jpg
path_0004.jpg,00:06,6,Reference/youtube_tUMoegiI5_Q/pathway_frames_2sec/path_0004.jpg,Reference/pathway_atlas/pathway_sheet_01_00m.jpg
path_0005.jpg,00:08,8,Reference/youtube_tUMoegiI5_Q/pathway_frames_2sec/path_0005.jpg,Reference/pathway_atlas/pathway_sheet_01_00m.jpg
path_0006.jpg,00:10,10,Reference/youtube_tUMoegiI5_Q/pathway_frames_2sec/path_0006.jpg,Reference/pathway_atlas/pathway_sheet_01_00m.jpg
path_0007.jpg,00:12,12,Reference/youtube_tUMoegiI5_Q/pathway_frames_2sec/path_0007.jpg,Reference/pathway_atlas/pathway_sheet_01_00m.jpg
path_0008.jpg,00:14,14,Reference/youtube_tUMoegiI5_Q/pathway_frames_2sec/path_0008.jpg,Reference/pathway_atlas/pathway_sheet_01_00m.jpg
path_0009.jpg,00:16,16,Reference/youtube_tUMoegiI5_Q/pathway_frames_2sec/path_0009.jpg,Reference/pathway_atlas/pathway_sheet_01_00m.jpg
path_0010.jpg,00:18,18,Reference/youtube_tUMoegiI5_Q/pathway_frames_2sec/path_0010.jpg,Reference/pathway_atlas/pathway_sheet_01_00m.jpg
path_0011.jpg,00:20,20,Reference/youtube_tUMoegiI5_Q/pathway_frames_2sec/path_0011.jpg,Reference/pathway_atlas/pathway_sheet_01_00m.jpg
path_0012.jpg,00:22,22,Reference/youtube_tUMoegiI5_Q/pathway_frames_2sec/path_0012.jpg,Reference/pathway_atlas/pathway_sheet_01_00m.jpg
path_0013.jpg,00:24,24,Reference/youtube_tUMoegiI5_Q/pathway_frames_2sec/path_0013.jpg,Reference/pathway_atlas/pathway_sheet_01_00m.jpg
path_0014.jpg,00:26,26,Reference/youtube_tUMoegiI5_Q/pathway_frames_2sec/path_0014.jpg,Reference/pathway_atlas/pathway_sheet_01_00m.jpg
path_0015.jpg,00:28,28,Reference/youtube_tUMoegiI5_Q/pathway_frames_2sec/path_0015.jpg,Reference/pathway_atlas/pathway_sheet_01_00m.jpg
path_0016.jpg,00:30,30,Reference/youtube_tUMoegiI5_Q/pathway_frames_2sec/path_0016.jpg,Reference/pathway_atlas/pathway_sheet_01_00m.jpg
path_0017.jpg,00:32,32,Reference/youtube_tUMoegiI5_Q/pathway_frames_2sec/path_0017.jpg,Reference/pathway_atlas/pathway_sheet_01_00m.jpg
path_0018.jpg,00:34,34,Reference/youtube_tUMoegiI5_Q/pathway_frames_2sec/path_0018.jpg,Reference/pathway_atlas/pathway_sheet_01_00m.jpg
path_0019.jpg,00:36,36,Reference/youtube_tUMoegiI5_Q/pathway_frames_2sec/path_0019.jpg,Reference/pathway_atlas/pathway_sheet_01_00m.jpg
path_0020.jpg,00:38,38,Reference/youtube_tUMoegiI5_Q/pathway_frames_2sec/path_0020.jpg,Reference/pathway_atlas/pathway_sheet_01_00m.jpg
path_0021.jpg,00:40,40,Reference/youtube_tUMoegiI5_Q/pathway_frames_2sec/path_0021.jpg,Reference/pathway_atlas/pathway_sheet_01_00m.jpg
path_0022.jpg,00:42,42,Reference/youtube_tUMoegiI5_Q/pathway_frames_2sec/path_0022.jpg,Reference/pathway_atlas/pathway_sheet_01_00m.jpg
path_0023.jpg,00:44,44,Reference/youtube_tUMoegiI5_Q/pathway_frames_2sec/path_0023.jpg,Reference/pathway_atlas/pathway_sheet_01_00m.jpg
path_0024.jpg,00:46,46,Reference/youtube_tUMoegiI5_Q/pathway_frames_2sec/path_0024.jpg,Reference/pathway_atlas/pathway_sheet_01_00m.jpg
path_0025.jpg,00:48,48,Reference/youtube_tUMoegiI5_Q/pathway_frames_2sec/path_0025.jpg,Reference/pathway_atlas/pathway_sheet_01_00m.jpg
path_0026.jpg,00:50,50,Reference/youtube_tUMoegiI5_Q/pathway_frames_2sec/path_0026.jpg,Reference/pathway_atlas/pathway_sheet_01_00m.jpg
path_0027.jpg,00:52,52,Reference/youtube_tUMoegiI5_Q/pathway_frames_2sec/path_0027.jpg,Reference/pathway_atlas/pathway_sheet_01_00m.jpg
path_0028.jpg,00:54,54,Reference/youtube_tUMoegiI5_Q/pathway_frames_2sec/path_0028.jpg,Reference/pathway_atlas/pathway_sheet_01_00m.jpg
path_0029.jpg,00:56,56,Reference/youtube_tUMoegiI5_Q/pathway_frames_2sec/path_0029.jpg,Reference/pathway_atlas/pathway_sheet_01_00m.jpg
path_0030.jpg,00:58,58,Reference/youtube_tUMoegiI5_Q/pathway_frames_2sec/path_0030.jpg,Reference/pathway_atlas/pathway_sheet_01_00m.jpg
path_0031.jpg,01:00,60,Reference/youtube_tUMoegiI5_Q/pathway_frames_2sec/path_0031.jpg,Reference/pathway_atlas/pathway_sheet_02_01m.jpg
path_0032.jpg,01:02,62,Reference/youtube_tUMoegiI5_Q/pathway_frames_2sec/path_0032.jpg,Reference/pathway_atlas/pathway_sheet_02_01m.jpg
path_0033.jpg,01:04,64,Reference/youtube_tUMoegiI5_Q/pathway_frames_2sec/path_0033.jpg,Reference/pathway_atlas/pathway_sheet_02_01m.jpg
path_0034.jpg,01:06,66,Reference/youtube_tUMoegiI5_Q/pathway_frames_2sec/path_0034.jpg,Reference/pathway_atlas/pathway_sheet_02_01m.jpg
path_0035.jpg,01:08,68,Reference/youtube_tUMoegiI5_Q/pathway_frames_2sec/path_0035.jpg,Reference/pathway_atlas/pathway_sheet_02_01m.jpg
path_0036.jpg,01:10,70,Reference/youtube_tUMoegiI5_Q/pathway_frames_2sec/path_0036.jpg,Reference/pathway_atlas/pathway_sheet_02_01m.jpg
path_0037.jpg,01:12,72,Reference/youtube_tUMoegiI5_Q/pathway_frames_2sec/path_0037.jpg,Reference/pathway_atlas/pathway_sheet_02_01m.jpg
path_0038.jpg,01:14,74,Reference/youtube_tUMoegiI5_Q/pathway_frames_2sec/path_0038.jpg,Reference/pathway_atlas/pathway_sheet_02_01m.jpg
path_0039.jpg,01:16,76,Reference/youtube_tUMoegiI5_Q/pathway_frames_2sec/path_0039.jpg,Reference/pathway_atlas/pathway_sheet_02_01m.jpg
path_0040.jpg,01:18,78,Reference/youtube_tUMoegiI5_Q/pathway_frames_2sec/path_0040.jpg,Reference/pathway_atlas/pathway_sheet_02_01m.jpg
path_0041.jpg,01:20,80,Reference/youtube_tUMoegiI5_Q/pathway_frames_2sec/path_0041.jpg,Reference/pathway_atlas/pathway_sheet_02_01m.jpg
path_0042.jpg,01:22,82,Reference/youtube_tUMoegiI5_Q/pathway_frames_2sec/path_0042.jpg,Reference/pathway_atlas/pathway_sheet_02_01m.jpg
path_0043.jpg,01:24,84,Reference/youtube_tUMoegiI5_Q/pathway_frames_2sec/path_0043.jpg,Reference/pathway_atlas/pathway_sheet_02_01m.jpg
path_0044.jpg,01:26,86,Reference/youtube_tUMoegiI5_Q/pathway_frames_2sec/path_0044.jpg,Reference/pathway_atlas/pathway_sheet_02_01m.jpg
path_0045.jpg,01:28,88,Reference/youtube_tUMoegiI5_Q/pathway_frames_2sec/path_0045.jpg,Reference/pathway_atlas/pathway_sheet_02_01m.jpg
path_0046.jpg,01:30,90,Reference/youtube_tUMoegiI5_Q/pathway_frames_2sec/path_0046.jpg,Reference/pathway_atlas/pathway_sheet_02_01m.jpg
path_0047.jpg,01:32,92,Reference/youtube_tUMoegiI5_Q/pathway_frames_2sec/path_0047.jpg,Reference/pathway_atlas/pathway_sheet_02_01m.jpg
path_0048.jpg,01:34,94,Reference/youtube_tUMoegiI5_Q/pathway_frames_2sec/path_0048.jpg,Reference/pathway_atlas/pathway_sheet_02_01m.jpg
path_0049.jpg,01:36,96,Reference/youtube_tUMoegiI5_Q/pathway_frames_2sec/path_0049.jpg,Reference/pathway_atlas/pathway_sheet_02_01m.jpg
path_0050.jpg,01:38,98,Reference/youtube_tUMoegiI5_Q/pathway_frames_2sec/path_0050.jpg,Reference/pathway_atlas/pathway_sheet_02_01m.jpg
path_0051.jpg,01:40,100,Reference/youtube_tUMoegiI5_Q/pathway_frames_2sec/path_0051.jpg,Reference/pathway_atlas/pathway_sheet_02_01m.jpg
path_0052.jpg,01:42,102,Reference/youtube_tUMoegiI5_Q/pathway_frames_2sec/path_0052.jpg,Reference/pathway_atlas/pathway_sheet_02_01m.jpg
path_0053.jpg,01:44,104,Reference/youtube_tUMoegiI5_Q/pathway_frames_2sec/path_0053.jpg,Reference/pathway_atlas/pathway_sheet_02_01m.jpg
path_0054.jpg,01:46,106,Reference/youtube_tUMoegiI5_Q/pathway_frames_2sec/path_0054.jpg,Reference/pathway_atlas/pathway_sheet_02_01m.jpg
path_0055.jpg,01:48,108,Reference/youtube_tUMoegiI5_Q/pathway_frames_2sec/path_0055.jpg,Reference/pathway_atlas/pathway_sheet_02_01m.jpg
path_0056.jpg,01:50,110,Reference/youtube_tUMoegiI5_Q/pathway_frames_2sec/path_0056.jpg,Reference/pathway_atlas/pathway_sheet_02_01m.jpg
path_0057.jpg,01:52,112,Reference/youtube_tUMoegiI5_Q/pathway_frames_2sec/path_0057.jpg,Reference/pathway_atlas/pathway_sheet_02_01m.jpg
path_0058.jpg,01:54,114,Reference/youtube_tUMoegiI5_Q/pathway_frames_2sec/path_0058.jpg,Reference/pathway_atlas/pathway_sheet_02_01m.jpg
path_0059.jpg,01:56,116,Reference/youtube_tUMoegiI5_Q/pathway_frames_2sec/path_0059.jpg,Reference/pathway_atlas/pathway_sheet_02_01m.jpg
path_0060.jpg,01:58,118,Reference/youtube_tUMoegiI5_Q/pathway_frames_2sec/path_0060.jpg,Reference/pathway_atlas/pathway_sheet_02_01m.jpg
path_0061.jpg,02:00,120,Reference/youtube_tUMoegiI5_Q/pathway_frames_2sec/path_0061.jpg,Reference/pathway_atlas/pathway_sheet_03_02m.jpg
path_0062.jpg,02:02,122,Reference/youtube_tUMoegiI5_Q/pathway_frames_2sec/path_0062.jpg,Reference/pathway_atlas/pathway_sheet_03_02m.jpg
path_0063.jpg,02:04,124,Reference/youtube_tUMoegiI5_Q/pathway_frames_2sec/path_0063.jpg,Reference/pathway_atlas/pathway_sheet_03_02m.jpg
path_0064.jpg,02:06,126,Reference/youtube_tUMoegiI5_Q/pathway_frames_2sec/path_0064.jpg,Reference/pathway_atlas/pathway_sheet_03_02m.jpg
path_0065.jpg,02:08,128,Reference/youtube_tUMoegiI5_Q/pathway_frames_2sec/path_0065.jpg,Reference/pathway_atlas/pathway_sheet_03_02m.jpg
path_0066.jpg,02:10,130,Reference/youtube_tUMoegiI5_Q/pathway_frames_2sec/path_0066.jpg,Reference/pathway_atlas/pathway_sheet_03_02m.jpg
path_0067.jpg,02:12,132,Reference/youtube_tUMoegiI5_Q/pathway_frames_2sec/path_0067.jpg,Reference/pathway_atlas/pathway_sheet_03_02m.jpg
path_0068.jpg,02:14,134,Reference/youtube_tUMoegiI5_Q/pathway_frames_2sec/path_0068.jpg,Reference/pathway_atlas/pathway_sheet_03_02m.jpg
path_0069.jpg,02:16,136,Reference/youtube_tUMoegiI5_Q/pathway_frames_2sec/path_0069.jpg,Reference/pathway_atlas/pathway_sheet_03_02m.jpg
path_0070.jpg,02:18,138,Reference/youtube_tUMoegiI5_Q/pathway_frames_2sec/path_0070.jpg,Reference/pathway_atlas/pathway_sheet_03_02m.jpg
path_0071.jpg,02:20,140,Reference/youtube_tUMoegiI5_Q/pathway_frames_2sec/path_0071.jpg,Reference/pathway_atlas/pathway_sheet_03_02m.jpg
path_0072.jpg,02:22,142,Reference/youtube_tUMoegiI5_Q/pathway_frames_2sec/path_0072.jpg,Reference/pathway_atlas/pathway_sheet_03_02m.jpg
path_0073.jpg,02:24,144,Reference/youtube_tUMoegiI5_Q/pathway_frames_2sec/path_0073.jpg,Reference/pathway_atlas/pathway_sheet_03_02m.jpg
path_0074.jpg,02:26,146,Reference/youtube_tUMoegiI5_Q/pathway_frames_2sec/path_0074.jpg,Reference/pathway_atlas/pathway_sheet_03_02m.jpg
path_0075.jpg,02:28,148,Reference/youtube_tUMoegiI5_Q/pathway_frames_2sec/path_0075.jpg,Reference/pathway_atlas/pathway_sheet_03_02m.jpg
path_0076.jpg,02:30,150,Reference/youtube_tUMoegiI5_Q/pathway_frames_2sec/path_0076.jpg,Reference/pathway_atlas/pathway_sheet_03_02m.jpg
path_0077.jpg,02:32,152,Reference/youtube_tUMoegiI5_Q/pathway_frames_2sec/path_0077.jpg,Reference/pathway_atlas/pathway_sheet_03_02m.jpg
path_0078.jpg,02:34,154,Reference/youtube_tUMoegiI5_Q/pathway_frames_2sec/path_0078.jpg,Reference/pathway_atlas/pathway_sheet_03_02m.jpg
path_0079.jpg,02:36,156,Reference/youtube_tUMoegiI5_Q/pathway_frames_2sec/path_0079.jpg,Reference/pathway_atlas/pathway_sheet_03_02m.jpg
path_0080.jpg,02:38,158,Reference/youtube_tUMoegiI5_Q/pathway_frames_2sec/path_0080.jpg,Reference/pathway_atlas/pathway_sheet_03_02m.jpg
path_0081.jpg,02:40,160,Reference/youtube_tUMoegiI5_Q/pathway_frames_2sec/path_0081.jpg,Reference/pathway_atlas/pathway_sheet_03_02m.jpg
path_0082.jpg,02:42,162,Reference/youtube_tUMoegiI5_Q/pathway_frames_2sec/path_0082.jpg,Reference/pathway_atlas/pathway_sheet_03_02m.jpg
path_0083.jpg,02:44,164,Reference/youtube_tUMoegiI5_Q/pathway_frames_2sec/path_0083.jpg,Reference/pathway_atlas/pathway_sheet_03_02m.jpg
path_0084.jpg,02:46,166,Reference/youtube_tUMoegiI5_Q/pathway_frames_2sec/path_0084.jpg,Reference/pathway_atlas/pathway_sheet_03_02m.jpg
path_0085.jpg,02:48,168,Reference/youtube_tUMoegiI5_Q/pathway_frames_2sec/path_0085.jpg,Reference/pathway_atlas/pathway_sheet_03_02m.jpg
path_0086.jpg,02:50,170,Reference/youtube_tUMoegiI5_Q/pathway_frames_2sec/path_0086.jpg,Reference/pathway_atlas/pathway_sheet_03_02m.jpg
path_0087.jpg,02:52,172,Reference/youtube_tUMoegiI5_Q/pathway_frames_2sec/path_0087.jpg,Reference/pathway_atlas/pathway_sheet_03_02m.jpg
path_0088.jpg,02:54,174,Reference/youtube_tUMoegiI5_Q/pathway_frames_2sec/path_0088.jpg,Reference/pathway_atlas/pathway_sheet_03_02m.jpg
path_0089.jpg,02:56,176,Reference/youtube_tUMoegiI5_Q/pathway_frames_2sec/path_0089.jpg,Reference/pathway_atlas/pathway_sheet_03_02m.jpg
path_0090.jpg,02:58,178,Reference/youtube_tUMoegiI5_Q/pathway_frames_2sec/path_0090.jpg,Reference/pathway_atlas/pathway_sheet_03_02m.jpg
path_0091.jpg,03:00,180,Reference/youtube_tUMoegiI5_Q/pathway_frames_2sec/path_0091.jpg,Reference/pathway_atlas/pathway_sheet_04_03m.jpg
path_0092.jpg,03:02,182,Reference/youtube_tUMoegiI5_Q/pathway_frames_2sec/path_0092.jpg,Reference/pathway_atlas/pathway_sheet_04_03m.jpg
path_0093.jpg,03:04,184,Reference/youtube_tUMoegiI5_Q/pathway_frames_2sec/path_0093.jpg,Reference/pathway_atlas/pathway_sheet_04_03m.jpg
path_0094.jpg,03:06,186,Reference/youtube_tUMoegiI5_Q/pathway_frames_2sec/path_0094.jpg,Reference/pathway_atlas/pathway_sheet_04_03m.jpg
path_0095.jpg,03:08,188,Reference/youtube_tUMoegiI5_Q/pathway_frames_2sec/path_0095.jpg,Reference/pathway_atlas/pathway_sheet_04_03m.jpg
path_0096.jpg,03:10,190,Reference/youtube_tUMoegiI5_Q/pathway_frames_2sec/path_0096.jpg,Reference/pathway_atlas/pathway_sheet_04_03m.jpg
path_0097.jpg,03:12,192,Reference/youtube_tUMoegiI5_Q/pathway_frames_2sec/path_0097.jpg,Reference/pathway_atlas/pathway_sheet_04_03m.jpg
path_0098.jpg,03:14,194,Reference/youtube_tUMoegiI5_Q/pathway_frames_2sec/path_0098.jpg,Reference/pathway_atlas/pathway_sheet_04_03m.jpg
path_0099.jpg,03:16,196,Reference/youtube_tUMoegiI5_Q/pathway_frames_2sec/path_0099.jpg,Reference/pathway_atlas/pathway_sheet_04_03m.jpg
path_0100.jpg,03:18,198,Reference/youtube_tUMoegiI5_Q/pathway_frames_2sec/path_0100.jpg,Reference/pathway_atlas/pathway_sheet_04_03m.jpg
path_0101.jpg,03:20,200,Reference/youtube_tUMoegiI5_Q/pathway_frames_2sec/path_0101.jpg,Reference/pathway_atlas/pathway_sheet_04_03m.jpg
path_0102.jpg,03:22,202,Reference/youtube_tUMoegiI5_Q/pathway_frames_2sec/path_0102.jpg,Reference/pathway_atlas/pathway_sheet_04_03m.jpg
path_0103.jpg,03:24,204,Reference/youtube_tUMoegiI5_Q/pathway_frames_2sec/path_0103.jpg,Reference/pathway_atlas/pathway_sheet_04_03m.jpg
path_0104.jpg,03:26,206,Reference/youtube_tUMoegiI5_Q/pathway_frames_2sec/path_0104.jpg,Reference/pathway_atlas/pathway_sheet_04_03m.jpg
path_0105.jpg,03:28,208,Reference/youtube_tUMoegiI5_Q/pathway_frames_2sec/path_0105.jpg,Reference/pathway_atlas/pathway_sheet_04_03m.jpg
path_0106.jpg,03:30,210,Reference/youtube_tUMoegiI5_Q/pathway_frames_2sec/path_0106.jpg,Reference/pathway_atlas/pathway_sheet_04_03m.jpg
path_0107.jpg,03:32,212,Reference/youtube_tUMoegiI5_Q/pathway_frames_2sec/path_0107.jpg,Reference/pathway_atlas/pathway_sheet_04_03m.jpg
path_0108.jpg,03:34,214,Reference/youtube_tUMoegiI5_Q/pathway_frames_2sec/path_0108.jpg,Reference/pathway_atlas/pathway_sheet_04_03m.jpg
path_0109.jpg,03:36,216,Reference/youtube_tUMoegiI5_Q/pathway_frames_2sec/path_0109.jpg,Reference/pathway_atlas/pathway_sheet_04_03m.jpg
path_0110.jpg,03:38,218,Reference/youtube_tUMoegiI5_Q/pathway_frames_2sec/path_0110.jpg,Reference/pathway_atlas/pathway_sheet_04_03m.jpg
path_0111.jpg,03:40,220,Reference/youtube_tUMoegiI5_Q/pathway_frames_2sec/path_0111.jpg,Reference/pathway_atlas/pathway_sheet_04_03m.jpg
path_0112.jpg,03:42,222,Reference/youtube_tUMoegiI5_Q/pathway_frames_2sec/path_0112.jpg,Reference/pathway_atlas/pathway_sheet_04_03m.jpg
path_0113.jpg,03:44,224,Reference/youtube_tUMoegiI5_Q/pathway_frames_2sec/path_0113.jpg,Reference/pathway_atlas/pathway_sheet_04_03m.jpg
path_0114.jpg,03:46,226,Reference/youtube_tUMoegiI5_Q/pathway_frames_2sec/path_0114.jpg,Reference/pathway_atlas/pathway_sheet_04_03m.jpg
path_0115.jpg,03:48,228,Reference/youtube_tUMoegiI5_Q/pathway_frames_2sec/path_0115.jpg,Reference/pathway_atlas/pathway_sheet_04_03m.jpg
path_0116.jpg,03:50,230,Reference/youtube_tUMoegiI5_Q/pathway_frames_2sec/path_0116.jpg,Reference/pathway_atlas/pathway_sheet_04_03m.jpg
path_0117.jpg,03:52,232,Reference/youtube_tUMoegiI5_Q/pathway_frames_2sec/path_0117.jpg,Reference/pathway_atlas/pathway_sheet_04_03m.jpg
path_0118.jpg,03:54,234,Reference/youtube_tUMoegiI5_Q/pathway_frames_2sec/path_0118.jpg,Reference/pathway_atlas/pathway_sheet_04_03m.jpg
path_0119.jpg,03:56,236,Reference/youtube_tUMoegiI5_Q/pathway_frames_2sec/path_0119.jpg,Reference/pathway_atlas/pathway_sheet_04_03m.jpg
path_0120.jpg,03:58,238,Reference/youtube_tUMoegiI5_Q/pathway_frames_2sec/path_0120.jpg,Reference/pathway_atlas/pathway_sheet_04_03m.jpg
path_0121.jpg,04:00,240,Reference/youtube_tUMoegiI5_Q/pathway_frames_2sec/path_0121.jpg,Reference/pathway_atlas/pathway_sheet_05_04m.jpg
path_0122.jpg,04:02,242,Reference/youtube_tUMoegiI5_Q/pathway_frames_2sec/path_0122.jpg,Reference/pathway_atlas/pathway_sheet_05_04m.jpg
path_0123.jpg,04:04,244,Reference/youtube_tUMoegiI5_Q/pathway_frames_2sec/path_0123.jpg,Reference/pathway_atlas/pathway_sheet_05_04m.jpg
path_0124.jpg,04:06,246,Reference/youtube_tUMoegiI5_Q/pathway_frames_2sec/path_0124.jpg,Reference/pathway_atlas/pathway_sheet_05_04m.jpg
path_0125.jpg,04:08,248,Reference/youtube_tUMoegiI5_Q/pathway_frames_2sec/path_0125.jpg,Reference/pathway_atlas/pathway_sheet_05_04m.jpg
path_0126.jpg,04:10,250,Reference/youtube_tUMoegiI5_Q/pathway_frames_2sec/path_0126.jpg,Reference/pathway_atlas/pathway_sheet_05_04m.jpg
path_0127.jpg,04:12,252,Reference/youtube_tUMoegiI5_Q/pathway_frames_2sec/path_0127.jpg,Reference/pathway_atlas/pathway_sheet_05_04m.jpg
path_0128.jpg,04:14,254,Reference/youtube_tUMoegiI5_Q/pathway_frames_2sec/path_0128.jpg,Reference/pathway_atlas/pathway_sheet_05_04m.jpg
path_0129.jpg,04:16,256,Reference/youtube_tUMoegiI5_Q/pathway_frames_2sec/path_0129.jpg,Reference/pathway_atlas/pathway_sheet_05_04m.jpg
path_0130.jpg,04:18,258,Reference/youtube_tUMoegiI5_Q/pathway_frames_2sec/path_0130.jpg,Reference/pathway_atlas/pathway_sheet_05_04m.jpg
path_0131.jpg,04:20,260,Reference/youtube_tUMoegiI5_Q/pathway_frames_2sec/path_0131.jpg,Reference/pathway_atlas/pathway_sheet_05_04m.jpg
path_0132.jpg,04:22,262,Reference/youtube_tUMoegiI5_Q/pathway_frames_2sec/path_0132.jpg,Reference/pathway_atlas/pathway_sheet_05_04m.jpg
path_0133.jpg,04:24,264,Reference/youtube_tUMoegiI5_Q/pathway_frames_2sec/path_0133.jpg,Reference/pathway_atlas/pathway_sheet_05_04m.jpg
path_0134.jpg,04:26,266,Reference/youtube_tUMoegiI5_Q/pathway_frames_2sec/path_0134.jpg,Reference/pathway_atlas/pathway_sheet_05_04m.jpg
path_0135.jpg,04:28,268,Reference/youtube_tUMoegiI5_Q/pathway_frames_2sec/path_0135.jpg,Reference/pathway_atlas/pathway_sheet_05_04m.jpg
path_0136.jpg,04:30,270,Reference/youtube_tUMoegiI5_Q/pathway_frames_2sec/path_0136.jpg,Reference/pathway_atlas/pathway_sheet_05_04m.jpg
path_0137.jpg,04:32,272,Reference/youtube_tUMoegiI5_Q/pathway_frames_2sec/path_0137.jpg,Reference/pathway_atlas/pathway_sheet_05_04m.jpg
path_0138.jpg,04:34,274,Reference/youtube_tUMoegiI5_Q/pathway_frames_2sec/path_0138.jpg,Reference/pathway_atlas/pathway_sheet_05_04m.jpg
path_0139.jpg,04:36,276,Reference/youtube_tUMoegiI5_Q/pathway_frames_2sec/path_0139.jpg,Reference/pathway_atlas/pathway_sheet_05_04m.jpg
path_0140.jpg,04:38,278,Reference/youtube_tUMoegiI5_Q/pathway_frames_2sec/path_0140.jpg,Reference/pathway_atlas/pathway_sheet_05_04m.jpg
path_0141.jpg,04:40,280,Reference/youtube_tUMoegiI5_Q/pathway_frames_2sec/path_0141.jpg,Reference/pathway_atlas/pathway_sheet_05_04m.jpg
path_0142.jpg,04:42,282,Reference/youtube_tUMoegiI5_Q/pathway_frames_2sec/path_0142.jpg,Reference/pathway_atlas/pathway_sheet_05_04m.jpg
path_0143.jpg,04:44,284,Reference/youtube_tUMoegiI5_Q/pathway_frames_2sec/path_0143.jpg,Reference/pathway_atlas/pathway_sheet_05_04m.jpg
path_0144.jpg,04:46,286,Reference/youtube_tUMoegiI5_Q/pathway_frames_2sec/path_0144.jpg,Reference/pathway_atlas/pathway_sheet_05_04m.jpg
path_0145.jpg,04:48,288,Reference/youtube_tUMoegiI5_Q/pathway_frames_2sec/path_0145.jpg,Reference/pathway_atlas/pathway_sheet_05_04m.jpg
path_0146.jpg,04:50,290,Reference/youtube_tUMoegiI5_Q/pathway_frames_2sec/path_0146.jpg,Reference/pathway_atlas/pathway_sheet_05_04m.jpg
path_0147.jpg,04:52,292,Reference/youtube_tUMoegiI5_Q/pathway_frames_2sec/path_0147.jpg,Reference/pathway_atlas/pathway_sheet_05_04m.jpg
path_0148.jpg,04:54,294,Reference/youtube_tUMoegiI5_Q/pathway_frames_2sec/path_0148.jpg,Reference/pathway_atlas/pathway_sheet_05_04m.jpg
path_0149.jpg,04:56,296,Reference/youtube_tUMoegiI5_Q/pathway_frames_2sec/path_0149.jpg,Reference/pathway_atlas/pathway_sheet_05_04m.jpg
path_0150.jpg,04:58,298,Reference/youtube_tUMoegiI5_Q/pathway_frames_2sec/path_0150.jpg,Reference/pathway_atlas/pathway_sheet_05_04m.jpg
path_0151.jpg,05:00,300,Reference/youtube_tUMoegiI5_Q/pathway_frames_2sec/path_0151.jpg,Reference/pathway_atlas/pathway_sheet_06_05m.jpg
path_0152.jpg,05:02,302,Reference/youtube_tUMoegiI5_Q/pathway_frames_2sec/path_0152.jpg,Reference/pathway_atlas/pathway_sheet_06_05m.jpg
path_0153.jpg,05:04,304,Reference/youtube_tUMoegiI5_Q/pathway_frames_2sec/path_0153.jpg,Reference/pathway_atlas/pathway_sheet_06_05m.jpg
path_0154.jpg,05:06,306,Reference/youtube_tUMoegiI5_Q/pathway_frames_2sec/path_0154.jpg,Reference/pathway_atlas/pathway_sheet_06_05m.jpg
path_0155.jpg,05:08,308,Reference/youtube_tUMoegiI5_Q/pathway_frames_2sec/path_0155.jpg,Reference/pathway_atlas/pathway_sheet_06_05m.jpg
path_0156.jpg,05:10,310,Reference/youtube_tUMoegiI5_Q/pathway_frames_2sec/path_0156.jpg,Reference/pathway_atlas/pathway_sheet_06_05m.jpg
path_0157.jpg,05:12,312,Reference/youtube_tUMoegiI5_Q/pathway_frames_2sec/path_0157.jpg,Reference/pathway_atlas/pathway_sheet_06_05m.jpg
path_0158.jpg,05:14,314,Reference/youtube_tUMoegiI5_Q/pathway_frames_2sec/path_0158.jpg,Reference/pathway_atlas/pathway_sheet_06_05m.jpg
path_0159.jpg,05:16,316,Reference/youtube_tUMoegiI5_Q/pathway_frames_2sec/path_0159.jpg,Reference/pathway_atlas/pathway_sheet_06_05m.jpg
path_0160.jpg,05:18,318,Reference/youtube_tUMoegiI5_Q/pathway_frames_2sec/path_0160.jpg,Reference/pathway_atlas/pathway_sheet_06_05m.jpg
path_0161.jpg,05:20,320,Reference/youtube_tUMoegiI5_Q/pathway_frames_2sec/path_0161.jpg,Reference/pathway_atlas/pathway_sheet_06_05m.jpg
path_0162.jpg,05:22,322,Reference/youtube_tUMoegiI5_Q/pathway_frames_2sec/path_0162.jpg,Reference/pathway_atlas/pathway_sheet_06_05m.jpg
path_0163.jpg,05:24,324,Reference/youtube_tUMoegiI5_Q/pathway_frames_2sec/path_0163.jpg,Reference/pathway_atlas/pathway_sheet_06_05m.jpg
path_0164.jpg,05:26,326,Reference/youtube_tUMoegiI5_Q/pathway_frames_2sec/path_0164.jpg,Reference/pathway_atlas/pathway_sheet_06_05m.jpg
path_0165.jpg,05:28,328,Reference/youtube_tUMoegiI5_Q/pathway_frames_2sec/path_0165.jpg,Reference/pathway_atlas/pathway_sheet_06_05m.jpg
path_0166.jpg,05:30,330,Reference/youtube_tUMoegiI5_Q/pathway_frames_2sec/path_0166.jpg,Reference/pathway_atlas/pathway_sheet_06_05m.jpg
path_0167.jpg,05:32,332,Reference/youtube_tUMoegiI5_Q/pathway_frames_2sec/path_0167.jpg,Reference/pathway_atlas/pathway_sheet_06_05m.jpg
path_0168.jpg,05:34,334,Reference/youtube_tUMoegiI5_Q/pathway_frames_2sec/path_0168.jpg,Reference/pathway_atlas/pathway_sheet_06_05m.jpg
path_0169.jpg,05:36,336,Reference/youtube_tUMoegiI5_Q/pathway_frames_2sec/path_0169.jpg,Reference/pathway_atlas/pathway_sheet_06_05m.jpg
path_0170.jpg,05:38,338,Reference/youtube_tUMoegiI5_Q/pathway_frames_2sec/path_0170.jpg,Reference/pathway_atlas/pathway_sheet_06_05m.jpg
path_0171.jpg,05:40,340,Reference/youtube_tUMoegiI5_Q/pathway_frames_2sec/path_0171.jpg,Reference/pathway_atlas/pathway_sheet_06_05m.jpg
path_0172.jpg,05:42,342,Reference/youtube_tUMoegiI5_Q/pathway_frames_2sec/path_0172.jpg,Reference/pathway_atlas/pathway_sheet_06_05m.jpg
path_0173.jpg,05:44,344,Reference/youtube_tUMoegiI5_Q/pathway_frames_2sec/path_0173.jpg,Reference/pathway_atlas/pathway_sheet_06_05m.jpg
path_0174.jpg,05:46,346,Reference/youtube_tUMoegiI5_Q/pathway_frames_2sec/path_0174.jpg,Reference/pathway_atlas/pathway_sheet_06_05m.jpg
path_0175.jpg,05:48,348,Reference/youtube_tUMoegiI5_Q/pathway_frames_2sec/path_0175.jpg,Reference/pathway_atlas/pathway_sheet_06_05m.jpg
path_0176.jpg,05:50,350,Reference/youtube_tUMoegiI5_Q/pathway_frames_2sec/path_0176.jpg,Reference/pathway_atlas/pathway_sheet_06_05m.jpg
path_0177.jpg,05:52,352,Reference/youtube_tUMoegiI5_Q/pathway_frames_2sec/path_0177.jpg,Reference/pathway_atlas/pathway_sheet_06_05m.jpg
path_0178.jpg,05:54,354,Reference/youtube_tUMoegiI5_Q/pathway_frames_2sec/path_0178.jpg,Reference/pathway_atlas/pathway_sheet_06_05m.jpg
path_0179.jpg,05:56,356,Reference/youtube_tUMoegiI5_Q/pathway_frames_2sec/path_0179.jpg,Reference/pathway_atlas/pathway_sheet_06_05m.jpg
path_0180.jpg,05:58,358,Reference/youtube_tUMoegiI5_Q/pathway_frames_2sec/path_0180.jpg,Reference/pathway_atlas/pathway_sheet_06_05m.jpg
path_0181.jpg,06:00,360,Reference/youtube_tUMoegiI5_Q/pathway_frames_2sec/path_0181.jpg,Reference/pathway_atlas/pathway_sheet_07_06m.jpg
path_0182.jpg,06:02,362,Reference/youtube_tUMoegiI5_Q/pathway_frames_2sec/path_0182.jpg,Reference/pathway_atlas/pathway_sheet_07_06m.jpg
path_0183.jpg,06:04,364,Reference/youtube_tUMoegiI5_Q/pathway_frames_2sec/path_0183.jpg,Reference/pathway_atlas/pathway_sheet_07_06m.jpg
path_0184.jpg,06:06,366,Reference/youtube_tUMoegiI5_Q/pathway_frames_2sec/path_0184.jpg,Reference/pathway_atlas/pathway_sheet_07_06m.jpg
path_0185.jpg,06:08,368,Reference/youtube_tUMoegiI5_Q/pathway_frames_2sec/path_0185.jpg,Reference/pathway_atlas/pathway_sheet_07_06m.jpg
path_0186.jpg,06:10,370,Reference/youtube_tUMoegiI5_Q/pathway_frames_2sec/path_0186.jpg,Reference/pathway_atlas/pathway_sheet_07_06m.jpg
path_0187.jpg,06:12,372,Reference/youtube_tUMoegiI5_Q/pathway_frames_2sec/path_0187.jpg,Reference/pathway_atlas/pathway_sheet_07_06m.jpg
path_0188.jpg,06:14,374,Reference/youtube_tUMoegiI5_Q/pathway_frames_2sec/path_0188.jpg,Reference/pathway_atlas/pathway_sheet_07_06m.jpg
path_0189.jpg,06:16,376,Reference/youtube_tUMoegiI5_Q/pathway_frames_2sec/path_0189.jpg,Reference/pathway_atlas/pathway_sheet_07_06m.jpg
path_0190.jpg,06:18,378,Reference/youtube_tUMoegiI5_Q/pathway_frames_2sec/path_0190.jpg,Reference/pathway_atlas/pathway_sheet_07_06m.jpg
path_0191.jpg,06:20,380,Reference/youtube_tUMoegiI5_Q/pathway_frames_2sec/path_0191.jpg,Reference/pathway_atlas/pathway_sheet_07_06m.jpg
path_0192.jpg,06:22,382,Reference/youtube_tUMoegiI5_Q/pathway_frames_2sec/path_0192.jpg,Reference/pathway_atlas/pathway_sheet_07_06m.jpg
path_0193.jpg,06:24,384,Reference/youtube_tUMoegiI5_Q/pathway_frames_2sec/path_0193.jpg,Reference/pathway_atlas/pathway_sheet_07_06m.jpg
path_0194.jpg,06:26,386,Reference/youtube_tUMoegiI5_Q/pathway_frames_2sec/path_0194.jpg,Reference/pathway_atlas/pathway_sheet_07_06m.jpg
path_0195.jpg,06:28,388,Reference/youtube_tUMoegiI5_Q/pathway_frames_2sec/path_0195.jpg,Reference/pathway_atlas/pathway_sheet_07_06m.jpg
path_0196.jpg,06:30,390,Reference/youtube_tUMoegiI5_Q/pathway_frames_2sec/path_0196.jpg,Reference/pathway_atlas/pathway_sheet_07_06m.jpg
path_0197.jpg,06:32,392,Reference/youtube_tUMoegiI5_Q/pathway_frames_2sec/path_0197.jpg,Reference/pathway_atlas/pathway_sheet_07_06m.jpg
path_0198.jpg,06:34,394,Reference/youtube_tUMoegiI5_Q/pathway_frames_2sec/path_0198.jpg,Reference/pathway_atlas/pathway_sheet_07_06m.jpg
path_0199.jpg,06:36,396,Reference/youtube_tUMoegiI5_Q/pathway_frames_2sec/path_0199.jpg,Reference/pathway_atlas/pathway_sheet_07_06m.jpg
path_0200.jpg,06:38,398,Reference/youtube_tUMoegiI5_Q/pathway_frames_2sec/path_0200.jpg,Reference/pathway_atlas/pathway_sheet_07_06m.jpg
path_0201.jpg,06:40,400,Reference/youtube_tUMoegiI5_Q/pathway_frames_2sec/path_0201.jpg,Reference/pathway_atlas/pathway_sheet_07_06m.jpg
path_0202.jpg,06:42,402,Reference/youtube_tUMoegiI5_Q/pathway_frames_2sec/path_0202.jpg,Reference/pathway_atlas/pathway_sheet_07_06m.jpg
path_0203.jpg,06:44,404,Reference/youtube_tUMoegiI5_Q/pathway_frames_2sec/path_0203.jpg,Reference/pathway_atlas/pathway_sheet_07_06m.jpg
path_0204.jpg,06:46,406,Reference/youtube_tUMoegiI5_Q/pathway_frames_2sec/path_0204.jpg,Reference/pathway_atlas/pathway_sheet_07_06m.jpg
path_0205.jpg,06:48,408,Reference/youtube_tUMoegiI5_Q/pathway_frames_2sec/path_0205.jpg,Reference/pathway_atlas/pathway_sheet_07_06m.jpg
path_0206.jpg,06:50,410,Reference/youtube_tUMoegiI5_Q/pathway_frames_2sec/path_0206.jpg,Reference/pathway_atlas/pathway_sheet_07_06m.jpg
path_0207.jpg,06:52,412,Reference/youtube_tUMoegiI5_Q/pathway_frames_2sec/path_0207.jpg,Reference/pathway_atlas/pathway_sheet_07_06m.jpg
path_0208.jpg,06:54,414,Reference/youtube_tUMoegiI5_Q/pathway_frames_2sec/path_0208.jpg,Reference/pathway_atlas/pathway_sheet_07_06m.jpg
path_0209.jpg,06:56,416,Reference/youtube_tUMoegiI5_Q/pathway_frames_2sec/path_0209.jpg,Reference/pathway_atlas/pathway_sheet_07_06m.jpg
path_0210.jpg,06:58,418,Reference/youtube_tUMoegiI5_Q/pathway_frames_2sec/path_0210.jpg,Reference/pathway_atlas/pathway_sheet_07_06m.jpg
path_0211.jpg,07:00,420,Reference/youtube_tUMoegiI5_Q/pathway_frames_2sec/path_0211.jpg,Reference/pathway_atlas/pathway_sheet_08_07m.jpg
path_0212.jpg,07:02,422,Reference/youtube_tUMoegiI5_Q/pathway_frames_2sec/path_0212.jpg,Reference/pathway_atlas/pathway_sheet_08_07m.jpg
path_0213.jpg,07:04,424,Reference/youtube_tUMoegiI5_Q/pathway_frames_2sec/path_0213.jpg,Reference/pathway_atlas/pathway_sheet_08_07m.jpg
path_0214.jpg,07:06,426,Reference/youtube_tUMoegiI5_Q/pathway_frames_2sec/path_0214.jpg,Reference/pathway_atlas/pathway_sheet_08_07m.jpg
path_0215.jpg,07:08,428,Reference/youtube_tUMoegiI5_Q/pathway_frames_2sec/path_0215.jpg,Reference/pathway_atlas/pathway_sheet_08_07m.jpg
path_0216.jpg,07:10,430,Reference/youtube_tUMoegiI5_Q/pathway_frames_2sec/path_0216.jpg,Reference/pathway_atlas/pathway_sheet_08_07m.jpg
path_0217.jpg,07:12,432,Reference/youtube_tUMoegiI5_Q/pathway_frames_2sec/path_0217.jpg,Reference/pathway_atlas/pathway_sheet_08_07m.jpg
path_0218.jpg,07:14,434,Reference/youtube_tUMoegiI5_Q/pathway_frames_2sec/path_0218.jpg,Reference/pathway_atlas/pathway_sheet_08_07m.jpg
path_0219.jpg,07:16,436,Reference/youtube_tUMoegiI5_Q/pathway_frames_2sec/path_0219.jpg,Reference/pathway_atlas/pathway_sheet_08_07m.jpg
path_0220.jpg,07:18,438,Reference/youtube_tUMoegiI5_Q/pathway_frames_2sec/path_0220.jpg,Reference/pathway_atlas/pathway_sheet_08_07m.jpg
path_0221.jpg,07:20,440,Reference/youtube_tUMoegiI5_Q/pathway_frames_2sec/path_0221.jpg,Reference/pathway_atlas/pathway_sheet_08_07m.jpg
path_0222.jpg,07:22,442,Reference/youtube_tUMoegiI5_Q/pathway_frames_2sec/path_0222.jpg,Reference/pathway_atlas/pathway_sheet_08_07m.jpg
path_0223.jpg,07:24,444,Reference/youtube_tUMoegiI5_Q/pathway_frames_2sec/path_0223.jpg,Reference/pathway_atlas/pathway_sheet_08_07m.jpg
path_0224.jpg,07:26,446,Reference/youtube_tUMoegiI5_Q/pathway_frames_2sec/path_0224.jpg,Reference/pathway_atlas/pathway_sheet_08_07m.jpg
path_0225.jpg,07:28,448,Reference/youtube_tUMoegiI5_Q/pathway_frames_2sec/path_0225.jpg,Reference/pathway_atlas/pathway_sheet_08_07m.jpg
path_0226.jpg,07:30,450,Reference/youtube_tUMoegiI5_Q/pathway_frames_2sec/path_0226.jpg,Reference/pathway_atlas/pathway_sheet_08_07m.jpg
path_0227.jpg,07:32,452,Reference/youtube_tUMoegiI5_Q/pathway_frames_2sec/path_0227.jpg,Reference/pathway_atlas/pathway_sheet_08_07m.jpg
path_0228.jpg,07:34,454,Reference/youtube_tUMoegiI5_Q/pathway_frames_2sec/path_0228.jpg,Reference/pathway_atlas/pathway_sheet_08_07m.jpg
path_0229.jpg,07:36,456,Reference/youtube_tUMoegiI5_Q/pathway_frames_2sec/path_0229.jpg,Reference/pathway_atlas/pathway_sheet_08_07m.jpg
path_0230.jpg,07:38,458,Reference/youtube_tUMoegiI5_Q/pathway_frames_2sec/path_0230.jpg,Reference/pathway_atlas/pathway_sheet_08_07m.jpg
path_0231.jpg,07:40,460,Reference/youtube_tUMoegiI5_Q/pathway_frames_2sec/path_0231.jpg,Reference/pathway_atlas/pathway_sheet_08_07m.jpg
path_0232.jpg,07:42,462,Reference/youtube_tUMoegiI5_Q/pathway_frames_2sec/path_0232.jpg,Reference/pathway_atlas/pathway_sheet_08_07m.jpg
path_0233.jpg,07:44,464,Reference/youtube_tUMoegiI5_Q/pathway_frames_2sec/path_0233.jpg,Reference/pathway_atlas/pathway_sheet_08_07m.jpg
path_0234.jpg,07:46,466,Reference/youtube_tUMoegiI5_Q/pathway_frames_2sec/path_0234.jpg,Reference/pathway_atlas/pathway_sheet_08_07m.jpg
path_0235.jpg,07:48,468,Reference/youtube_tUMoegiI5_Q/pathway_frames_2sec/path_0235.jpg,Reference/pathway_atlas/pathway_sheet_08_07m.jpg
path_0236.jpg,07:50,470,Reference/youtube_tUMoegiI5_Q/pathway_frames_2sec/path_0236.jpg,Reference/pathway_atlas/pathway_sheet_08_07m.jpg
path_0237.jpg,07:52,472,Reference/youtube_tUMoegiI5_Q/pathway_frames_2sec/path_0237.jpg,Reference/pathway_atlas/pathway_sheet_08_07m.jpg
path_0238.jpg,07:54,474,Reference/youtube_tUMoegiI5_Q/pathway_frames_2sec/path_0238.jpg,Reference/pathway_atlas/pathway_sheet_08_07m.jpg
path_0239.jpg,07:56,476,Reference/youtube_tUMoegiI5_Q/pathway_frames_2sec/path_0239.jpg,Reference/pathway_atlas/pathway_sheet_08_07m.jpg
path_0240.jpg,07:58,478,Reference/youtube_tUMoegiI5_Q/pathway_frames_2sec/path_0240.jpg,Reference/pathway_atlas/pathway_sheet_08_07m.jpg
path_0241.jpg,08:00,480,Reference/youtube_tUMoegiI5_Q/pathway_frames_2sec/path_0241.jpg,Reference/pathway_atlas/pathway_sheet_09_08m.jpg
path_0242.jpg,08:02,482,Reference/youtube_tUMoegiI5_Q/pathway_frames_2sec/path_0242.jpg,Reference/pathway_atlas/pathway_sheet_09_08m.jpg
path_0243.jpg,08:04,484,Reference/youtube_tUMoegiI5_Q/pathway_frames_2sec/path_0243.jpg,Reference/pathway_atlas/pathway_sheet_09_08m.jpg
path_0244.jpg,08:06,486,Reference/youtube_tUMoegiI5_Q/pathway_frames_2sec/path_0244.jpg,Reference/pathway_atlas/pathway_sheet_09_08m.jpg
path_0245.jpg,08:08,488,Reference/youtube_tUMoegiI5_Q/pathway_frames_2sec/path_0245.jpg,Reference/pathway_atlas/pathway_sheet_09_08m.jpg
path_0246.jpg,08:10,490,Reference/youtube_tUMoegiI5_Q/pathway_frames_2sec/path_0246.jpg,Reference/pathway_atlas/pathway_sheet_09_08m.jpg
path_0247.jpg,08:12,492,Reference/youtube_tUMoegiI5_Q/pathway_frames_2sec/path_0247.jpg,Reference/pathway_atlas/pathway_sheet_09_08m.jpg
path_0248.jpg,08:14,494,Reference/youtube_tUMoegiI5_Q/pathway_frames_2sec/path_0248.jpg,Reference/pathway_atlas/pathway_sheet_09_08m.jpg
path_0249.jpg,08:16,496,Reference/youtube_tUMoegiI5_Q/pathway_frames_2sec/path_0249.jpg,Reference/pathway_atlas/pathway_sheet_09_08m.jpg
path_0250.jpg,08:18,498,Reference/youtube_tUMoegiI5_Q/pathway_frames_2sec/path_0250.jpg,Reference/pathway_atlas/pathway_sheet_09_08m.jpg
path_0251.jpg,08:20,500,Reference/youtube_tUMoegiI5_Q/pathway_frames_2sec/path_0251.jpg,Reference/pathway_atlas/pathway_sheet_09_08m.jpg
path_0252.jpg,08:22,502,Reference/youtube_tUMoegiI5_Q/pathway_frames_2sec/path_0252.jpg,Reference/pathway_atlas/pathway_sheet_09_08m.jpg
path_0253.jpg,08:24,504,Reference/youtube_tUMoegiI5_Q/pathway_frames_2sec/path_0253.jpg,Reference/pathway_atlas/pathway_sheet_09_08m.jpg
path_0254.jpg,08:26,506,Reference/youtube_tUMoegiI5_Q/pathway_frames_2sec/path_0254.jpg,Reference/pathway_atlas/pathway_sheet_09_08m.jpg
path_0255.jpg,08:28,508,Reference/youtube_tUMoegiI5_Q/pathway_frames_2sec/path_0255.jpg,Reference/pathway_atlas/pathway_sheet_09_08m.jpg
path_0256.jpg,08:30,510,Reference/youtube_tUMoegiI5_Q/pathway_frames_2sec/path_0256.jpg,Reference/pathway_atlas/pathway_sheet_09_08m.jpg
path_0257.jpg,08:32,512,Reference/youtube_tUMoegiI5_Q/pathway_frames_2sec/path_0257.jpg,Reference/pathway_atlas/pathway_sheet_09_08m.jpg
path_0258.jpg,08:34,514,Reference/youtube_tUMoegiI5_Q/pathway_frames_2sec/path_0258.jpg,Reference/pathway_atlas/pathway_sheet_09_08m.jpg
path_0259.jpg,08:36,516,Reference/youtube_tUMoegiI5_Q/pathway_frames_2sec/path_0259.jpg,Reference/pathway_atlas/pathway_sheet_09_08m.jpg
path_0260.jpg,08:38,518,Reference/youtube_tUMoegiI5_Q/pathway_frames_2sec/path_0260.jpg,Reference/pathway_atlas/pathway_sheet_09_08m.jpg
path_0261.jpg,08:40,520,Reference/youtube_tUMoegiI5_Q/pathway_frames_2sec/path_0261.jpg,Reference/pathway_atlas/pathway_sheet_09_08m.jpg
path_0262.jpg,08:42,522,Reference/youtube_tUMoegiI5_Q/pathway_frames_2sec/path_0262.jpg,Reference/pathway_atlas/pathway_sheet_09_08m.jpg
path_0263.jpg,08:44,524,Reference/youtube_tUMoegiI5_Q/pathway_frames_2sec/path_0263.jpg,Reference/pathway_atlas/pathway_sheet_09_08m.jpg
path_0264.jpg,08:46,526,Reference/youtube_tUMoegiI5_Q/pathway_frames_2sec/path_0264.jpg,Reference/pathway_atlas/pathway_sheet_09_08m.jpg
path_0265.jpg,08:48,528,Reference/youtube_tUMoegiI5_Q/pathway_frames_2sec/path_0265.jpg,Reference/pathway_atlas/pathway_sheet_09_08m.jpg
path_0266.jpg,08:50,530,Reference/youtube_tUMoegiI5_Q/pathway_frames_2sec/path_0266.jpg,Reference/pathway_atlas/pathway_sheet_09_08m.jpg
path_0267.jpg,08:52,532,Reference/youtube_tUMoegiI5_Q/pathway_frames_2sec/path_0267.jpg,Reference/pathway_atlas/pathway_sheet_09_08m.jpg
path_0268.jpg,08:54,534,Reference/youtube_tUMoegiI5_Q/pathway_frames_2sec/path_0268.jpg,Reference/pathway_atlas/pathway_sheet_09_08m.jpg
path_0269.jpg,08:56,536,Reference/youtube_tUMoegiI5_Q/pathway_frames_2sec/path_0269.jpg,Reference/pathway_atlas/pathway_sheet_09_08m.jpg
path_0270.jpg,08:58,538,Reference/youtube_tUMoegiI5_Q/pathway_frames_2sec/path_0270.jpg,Reference/pathway_atlas/pathway_sheet_09_08m.jpg
path_0271.jpg,09:00,540,Reference/youtube_tUMoegiI5_Q/pathway_frames_2sec/path_0271.jpg,Reference/pathway_atlas/pathway_sheet_10_09m.jpg
path_0272.jpg,09:02,542,Reference/youtube_tUMoegiI5_Q/pathway_frames_2sec/path_0272.jpg,Reference/pathway_atlas/pathway_sheet_10_09m.jpg
path_0273.jpg,09:04,544,Reference/youtube_tUMoegiI5_Q/pathway_frames_2sec/path_0273.jpg,Reference/pathway_atlas/pathway_sheet_10_09m.jpg
path_0274.jpg,09:06,546,Reference/youtube_tUMoegiI5_Q/pathway_frames_2sec/path_0274.jpg,Reference/pathway_atlas/pathway_sheet_10_09m.jpg
path_0275.jpg,09:08,548,Reference/youtube_tUMoegiI5_Q/pathway_frames_2sec/path_0275.jpg,Reference/pathway_atlas/pathway_sheet_10_09m.jpg
path_0276.jpg,09:10,550,Reference/youtube_tUMoegiI5_Q/pathway_frames_2sec/path_0276.jpg,Reference/pathway_atlas/pathway_sheet_10_09m.jpg
path_0277.jpg,09:12,552,Reference/youtube_tUMoegiI5_Q/pathway_frames_2sec/path_0277.jpg,Reference/pathway_atlas/pathway_sheet_10_09m.jpg
path_0278.jpg,09:14,554,Reference/youtube_tUMoegiI5_Q/pathway_frames_2sec/path_0278.jpg,Reference/pathway_atlas/pathway_sheet_10_09m.jpg
path_0279.jpg,09:16,556,Reference/youtube_tUMoegiI5_Q/pathway_frames_2sec/path_0279.jpg,Reference/pathway_atlas/pathway_sheet_10_09m.jpg
path_0280.jpg,09:18,558,Reference/youtube_tUMoegiI5_Q/pathway_frames_2sec/path_0280.jpg,Reference/pathway_atlas/pathway_sheet_10_09m.jpg
path_0281.jpg,09:20,560,Reference/youtube_tUMoegiI5_Q/pathway_frames_2sec/path_0281.jpg,Reference/pathway_atlas/pathway_sheet_10_09m.jpg
path_0282.jpg,09:22,562,Reference/youtube_tUMoegiI5_Q/pathway_frames_2sec/path_0282.jpg,Reference/pathway_atlas/pathway_sheet_10_09m.jpg
path_0283.jpg,09:24,564,Reference/youtube_tUMoegiI5_Q/pathway_frames_2sec/path_0283.jpg,Reference/pathway_atlas/pathway_sheet_10_09m.jpg
path_0284.jpg,09:26,566,Reference/youtube_tUMoegiI5_Q/pathway_frames_2sec/path_0284.jpg,Reference/pathway_atlas/pathway_sheet_10_09m.jpg
path_0285.jpg,09:28,568,Reference/youtube_tUMoegiI5_Q/pathway_frames_2sec/path_0285.jpg,Reference/pathway_atlas/pathway_sheet_10_09m.jpg
path_0286.jpg,09:30,570,Reference/youtube_tUMoegiI5_Q/pathway_frames_2sec/path_0286.jpg,Reference/pathway_atlas/pathway_sheet_10_09m.jpg
path_0287.jpg,09:32,572,Reference/youtube_tUMoegiI5_Q/pathway_frames_2sec/path_0287.jpg,Reference/pathway_atlas/pathway_sheet_10_09m.jpg
path_0288.jpg,09:34,574,Reference/youtube_tUMoegiI5_Q/pathway_frames_2sec/path_0288.jpg,Reference/pathway_atlas/pathway_sheet_10_09m.jpg
path_0289.jpg,09:36,576,Reference/youtube_tUMoegiI5_Q/pathway_frames_2sec/path_0289.jpg,Reference/pathway_atlas/pathway_sheet_10_09m.jpg
path_0290.jpg,09:38,578,Reference/youtube_tUMoegiI5_Q/pathway_frames_2sec/path_0290.jpg,Reference/pathway_atlas/pathway_sheet_10_09m.jpg
path_0291.jpg,09:40,580,Reference/youtube_tUMoegiI5_Q/pathway_frames_2sec/path_0291.jpg,Reference/pathway_atlas/pathway_sheet_10_09m.jpg
path_0292.jpg,09:42,582,Reference/youtube_tUMoegiI5_Q/pathway_frames_2sec/path_0292.jpg,Reference/pathway_atlas/pathway_sheet_10_09m.jpg
path_0293.jpg,09:44,584,Reference/youtube_tUMoegiI5_Q/pathway_frames_2sec/path_0293.jpg,Reference/pathway_atlas/pathway_sheet_10_09m.jpg
path_0294.jpg,09:46,586,Reference/youtube_tUMoegiI5_Q/pathway_frames_2sec/path_0294.jpg,Reference/pathway_atlas/pathway_sheet_10_09m.jpg
path_0295.jpg,09:48,588,Reference/youtube_tUMoegiI5_Q/pathway_frames_2sec/path_0295.jpg,Reference/pathway_atlas/pathway_sheet_10_09m.jpg
path_0296.jpg,09:50,590,Reference/youtube_tUMoegiI5_Q/pathway_frames_2sec/path_0296.jpg,Reference/pathway_atlas/pathway_sheet_10_09m.jpg
path_0297.jpg,09:52,592,Reference/youtube_tUMoegiI5_Q/pathway_frames_2sec/path_0297.jpg,Reference/pathway_atlas/pathway_sheet_10_09m.jpg
path_0298.jpg,09:54,594,Reference/youtube_tUMoegiI5_Q/pathway_frames_2sec/path_0298.jpg,Reference/pathway_atlas/pathway_sheet_10_09m.jpg
path_0299.jpg,09:56,596,Reference/youtube_tUMoegiI5_Q/pathway_frames_2sec/path_0299.jpg,Reference/pathway_atlas/pathway_sheet_10_09m.jpg
path_0300.jpg,09:58,598,Reference/youtube_tUMoegiI5_Q/pathway_frames_2sec/path_0300.jpg,Reference/pathway_atlas/pathway_sheet_10_09m.jpg
path_0301.jpg,10:00,600,Reference/youtube_tUMoegiI5_Q/pathway_frames_2sec/path_0301.jpg,Reference/pathway_atlas/pathway_sheet_11_10m.jpg
path_0302.jpg,10:02,602,Reference/youtube_tUMoegiI5_Q/pathway_frames_2sec/path_0302.jpg,Reference/pathway_atlas/pathway_sheet_11_10m.jpg
path_0303.jpg,10:04,604,Reference/youtube_tUMoegiI5_Q/pathway_frames_2sec/path_0303.jpg,Reference/pathway_atlas/pathway_sheet_11_10m.jpg
path_0304.jpg,10:06,606,Reference/youtube_tUMoegiI5_Q/pathway_frames_2sec/path_0304.jpg,Reference/pathway_atlas/pathway_sheet_11_10m.jpg
path_0305.jpg,10:08,608,Reference/youtube_tUMoegiI5_Q/pathway_frames_2sec/path_0305.jpg,Reference/pathway_atlas/pathway_sheet_11_10m.jpg
path_0306.jpg,10:10,610,Reference/youtube_tUMoegiI5_Q/pathway_frames_2sec/path_0306.jpg,Reference/pathway_atlas/pathway_sheet_11_10m.jpg
path_0307.jpg,10:12,612,Reference/youtube_tUMoegiI5_Q/pathway_frames_2sec/path_0307.jpg,Reference/pathway_atlas/pathway_sheet_11_10m.jpg
path_0308.jpg,10:14,614,Reference/youtube_tUMoegiI5_Q/pathway_frames_2sec/path_0308.jpg,Reference/pathway_atlas/pathway_sheet_11_10m.jpg
path_0309.jpg,10:16,616,Reference/youtube_tUMoegiI5_Q/pathway_frames_2sec/path_0309.jpg,Reference/pathway_atlas/pathway_sheet_11_10m.jpg
path_0310.jpg,10:18,618,Reference/youtube_tUMoegiI5_Q/pathway_frames_2sec/path_0310.jpg,Reference/pathway_atlas/pathway_sheet_11_10m.jpg
path_0311.jpg,10:20,620,Reference/youtube_tUMoegiI5_Q/pathway_frames_2sec/path_0311.jpg,Reference/pathway_atlas/pathway_sheet_11_10m.jpg
path_0312.jpg,10:22,622,Reference/youtube_tUMoegiI5_Q/pathway_frames_2sec/path_0312.jpg,Reference/pathway_atlas/pathway_sheet_11_10m.jpg
path_0313.jpg,10:24,624,Reference/youtube_tUMoegiI5_Q/pathway_frames_2sec/path_0313.jpg,Reference/pathway_atlas/pathway_sheet_11_10m.jpg
path_0314.jpg,10:26,626,Reference/youtube_tUMoegiI5_Q/pathway_frames_2sec/path_0314.jpg,Reference/pathway_atlas/pathway_sheet_11_10m.jpg
path_0315.jpg,10:28,628,Reference/youtube_tUMoegiI5_Q/pathway_frames_2sec/path_0315.jpg,Reference/pathway_atlas/pathway_sheet_11_10m.jpg
path_0316.jpg,10:30,630,Reference/youtube_tUMoegiI5_Q/pathway_frames_2sec/path_0316.jpg,Reference/pathway_atlas/pathway_sheet_11_10m.jpg
path_0317.jpg,10:32,632,Reference/youtube_tUMoegiI5_Q/pathway_frames_2sec/path_0317.jpg,Reference/pathway_atlas/pathway_sheet_11_10m.jpg
path_0318.jpg,10:34,634,Reference/youtube_tUMoegiI5_Q/pathway_frames_2sec/path_0318.jpg,Reference/pathway_atlas/pathway_sheet_11_10m.jpg
path_0319.jpg,10:36,636,Reference/youtube_tUMoegiI5_Q/pathway_frames_2sec/path_0319.jpg,Reference/pathway_atlas/pathway_sheet_11_10m.jpg
path_0320.jpg,10:38,638,Reference/youtube_tUMoegiI5_Q/pathway_frames_2sec/path_0320.jpg,Reference/pathway_atlas/pathway_sheet_11_10m.jpg
path_0321.jpg,10:40,640,Reference/youtube_tUMoegiI5_Q/pathway_frames_2sec/path_0321.jpg,Reference/pathway_atlas/pathway_sheet_11_10m.jpg
path_0322.jpg,10:42,642,Reference/youtube_tUMoegiI5_Q/pathway_frames_2sec/path_0322.jpg,Reference/pathway_atlas/pathway_sheet_11_10m.jpg
path_0323.jpg,10:44,644,Reference/youtube_tUMoegiI5_Q/pathway_frames_2sec/path_0323.jpg,Reference/pathway_atlas/pathway_sheet_11_10m.jpg
path_0324.jpg,10:46,646,Reference/youtube_tUMoegiI5_Q/pathway_frames_2sec/path_0324.jpg,Reference/pathway_atlas/pathway_sheet_11_10m.jpg
path_0325.jpg,10:48,648,Reference/youtube_tUMoegiI5_Q/pathway_frames_2sec/path_0325.jpg,Reference/pathway_atlas/pathway_sheet_11_10m.jpg
path_0326.jpg,10:50,650,Reference/youtube_tUMoegiI5_Q/pathway_frames_2sec/path_0326.jpg,Reference/pathway_atlas/pathway_sheet_11_10m.jpg
path_0327.jpg,10:52,652,Reference/youtube_tUMoegiI5_Q/pathway_frames_2sec/path_0327.jpg,Reference/pathway_atlas/pathway_sheet_11_10m.jpg
path_0328.jpg,10:54,654,Reference/youtube_tUMoegiI5_Q/pathway_frames_2sec/path_0328.jpg,Reference/pathway_atlas/pathway_sheet_11_10m.jpg
path_0329.jpg,10:56,656,Reference/youtube_tUMoegiI5_Q/pathway_frames_2sec/path_0329.jpg,Reference/pathway_atlas/pathway_sheet_11_10m.jpg
path_0330.jpg,10:58,658,Reference/youtube_tUMoegiI5_Q/pathway_frames_2sec/path_0330.jpg,Reference/pathway_atlas/pathway_sheet_11_10m.jpg
path_0331.jpg,11:00,660,Reference/youtube_tUMoegiI5_Q/pathway_frames_2sec/path_0331.jpg,Reference/pathway_atlas/pathway_sheet_12_11m.jpg
path_0332.jpg,11:02,662,Reference/youtube_tUMoegiI5_Q/pathway_frames_2sec/path_0332.jpg,Reference/pathway_atlas/pathway_sheet_12_11m.jpg
path_0333.jpg,11:04,664,Reference/youtube_tUMoegiI5_Q/pathway_frames_2sec/path_0333.jpg,Reference/pathway_atlas/pathway_sheet_12_11m.jpg
path_0334.jpg,11:06,666,Reference/youtube_tUMoegiI5_Q/pathway_frames_2sec/path_0334.jpg,Reference/pathway_atlas/pathway_sheet_12_11m.jpg
path_0335.jpg,11:08,668,Reference/youtube_tUMoegiI5_Q/pathway_frames_2sec/path_0335.jpg,Reference/pathway_atlas/pathway_sheet_12_11m.jpg
path_0336.jpg,11:10,670,Reference/youtube_tUMoegiI5_Q/pathway_frames_2sec/path_0336.jpg,Reference/pathway_atlas/pathway_sheet_12_11m.jpg
path_0337.jpg,11:12,672,Reference/youtube_tUMoegiI5_Q/pathway_frames_2sec/path_0337.jpg,Reference/pathway_atlas/pathway_sheet_12_11m.jpg
path_0338.jpg,11:14,674,Reference/youtube_tUMoegiI5_Q/pathway_frames_2sec/path_0338.jpg,Reference/pathway_atlas/pathway_sheet_12_11m.jpg
path_0339.jpg,11:16,676,Reference/youtube_tUMoegiI5_Q/pathway_frames_2sec/path_0339.jpg,Reference/pathway_atlas/pathway_sheet_12_11m.jpg
path_0340.jpg,11:18,678,Reference/youtube_tUMoegiI5_Q/pathway_frames_2sec/path_0340.jpg,Reference/pathway_atlas/pathway_sheet_12_11m.jpg
path_0341.jpg,11:20,680,Reference/youtube_tUMoegiI5_Q/pathway_frames_2sec/path_0341.jpg,Reference/pathway_atlas/pathway_sheet_12_11m.jpg
path_0342.jpg,11:22,682,Reference/youtube_tUMoegiI5_Q/pathway_frames_2sec/path_0342.jpg,Reference/pathway_atlas/pathway_sheet_12_11m.jpg
path_0343.jpg,11:24,684,Reference/youtube_tUMoegiI5_Q/pathway_frames_2sec/path_0343.jpg,Reference/pathway_atlas/pathway_sheet_12_11m.jpg
path_0344.jpg,11:26,686,Reference/youtube_tUMoegiI5_Q/pathway_frames_2sec/path_0344.jpg,Reference/pathway_atlas/pathway_sheet_12_11m.jpg
path_0345.jpg,11:28,688,Reference/youtube_tUMoegiI5_Q/pathway_frames_2sec/path_0345.jpg,Reference/pathway_atlas/pathway_sheet_12_11m.jpg
path_0346.jpg,11:30,690,Reference/youtube_tUMoegiI5_Q/pathway_frames_2sec/path_0346.jpg,Reference/pathway_atlas/pathway_sheet_12_11m.jpg
path_0347.jpg,11:32,692,Reference/youtube_tUMoegiI5_Q/pathway_frames_2sec/path_0347.jpg,Reference/pathway_atlas/pathway_sheet_12_11m.jpg
path_0348.jpg,11:34,694,Reference/youtube_tUMoegiI5_Q/pathway_frames_2sec/path_0348.jpg,Reference/pathway_atlas/pathway_sheet_12_11m.jpg
path_0349.jpg,11:36,696,Reference/youtube_tUMoegiI5_Q/pathway_frames_2sec/path_0349.jpg,Reference/pathway_atlas/pathway_sheet_12_11m.jpg
path_0350.jpg,11:38,698,Reference/youtube_tUMoegiI5_Q/pathway_frames_2sec/path_0350.jpg,Reference/pathway_atlas/pathway_sheet_12_11m.jpg
path_0351.jpg,11:40,700,Reference/youtube_tUMoegiI5_Q/pathway_frames_2sec/path_0351.jpg,Reference/pathway_atlas/pathway_sheet_12_11m.jpg
path_0352.jpg,11:42,702,Reference/youtube_tUMoegiI5_Q/pathway_frames_2sec/path_0352.jpg,Reference/pathway_atlas/pathway_sheet_12_11m.jpg
path_0353.jpg,11:44,704,Reference/youtube_tUMoegiI5_Q/pathway_frames_2sec/path_0353.jpg,Reference/pathway_atlas/pathway_sheet_12_11m.jpg
path_0354.jpg,11:46,706,Reference/youtube_tUMoegiI5_Q/pathway_frames_2sec/path_0354.jpg,Reference/pathway_atlas/pathway_sheet_12_11m.jpg
path_0355.jpg,11:48,708,Reference/youtube_tUMoegiI5_Q/pathway_frames_2sec/path_0355.jpg,Reference/pathway_atlas/pathway_sheet_12_11m.jpg
path_0356.jpg,11:50,710,Reference/youtube_tUMoegiI5_Q/pathway_frames_2sec/path_0356.jpg,Reference/pathway_atlas/pathway_sheet_12_11m.jpg
path_0357.jpg,11:52,712,Reference/youtube_tUMoegiI5_Q/pathway_frames_2sec/path_0357.jpg,Reference/pathway_atlas/pathway_sheet_12_11m.jpg
path_0358.jpg,11:54,714,Reference/youtube_tUMoegiI5_Q/pathway_frames_2sec/path_0358.jpg,Reference/pathway_atlas/pathway_sheet_12_11m.jpg
path_0359.jpg,11:56,716,Reference/youtube_tUMoegiI5_Q/pathway_frames_2sec/path_0359.jpg,Reference/pathway_atlas/pathway_sheet_12_11m.jpg
path_0360.jpg,11:58,718,Reference/youtube_tUMoegiI5_Q/pathway_frames_2sec/path_0360.jpg,Reference/pathway_atlas/pathway_sheet_12_11m.jpg
path_0361.jpg,12:00,720,Reference/youtube_tUMoegiI5_Q/pathway_frames_2sec/path_0361.jpg,Reference/pathway_atlas/pathway_sheet_13_12m.jpg
path_0362.jpg,12:02,722,Reference/youtube_tUMoegiI5_Q/pathway_frames_2sec/path_0362.jpg,Reference/pathway_atlas/pathway_sheet_13_12m.jpg
path_0363.jpg,12:04,724,Reference/youtube_tUMoegiI5_Q/pathway_frames_2sec/path_0363.jpg,Reference/pathway_atlas/pathway_sheet_13_12m.jpg
path_0364.jpg,12:06,726,Reference/youtube_tUMoegiI5_Q/pathway_frames_2sec/path_0364.jpg,Reference/pathway_atlas/pathway_sheet_13_12m.jpg
path_0365.jpg,12:08,728,Reference/youtube_tUMoegiI5_Q/pathway_frames_2sec/path_0365.jpg,Reference/pathway_atlas/pathway_sheet_13_12m.jpg
path_0366.jpg,12:10,730,Reference/youtube_tUMoegiI5_Q/pathway_frames_2sec/path_0366.jpg,Reference/pathway_atlas/pathway_sheet_13_12m.jpg
path_0367.jpg,12:12,732,Reference/youtube_tUMoegiI5_Q/pathway_frames_2sec/path_0367.jpg,Reference/pathway_atlas/pathway_sheet_13_12m.jpg
path_0368.jpg,12:14,734,Reference/youtube_tUMoegiI5_Q/pathway_frames_2sec/path_0368.jpg,Reference/pathway_atlas/pathway_sheet_13_12m.jpg
path_0369.jpg,12:16,736,Reference/youtube_tUMoegiI5_Q/pathway_frames_2sec/path_0369.jpg,Reference/pathway_atlas/pathway_sheet_13_12m.jpg
path_0370.jpg,12:18,738,Reference/youtube_tUMoegiI5_Q/pathway_frames_2sec/path_0370.jpg,Reference/pathway_atlas/pathway_sheet_13_12m.jpg
path_0371.jpg,12:20,740,Reference/youtube_tUMoegiI5_Q/pathway_frames_2sec/path_0371.jpg,Reference/pathway_atlas/pathway_sheet_13_12m.jpg
path_0372.jpg,12:22,742,Reference/youtube_tUMoegiI5_Q/pathway_frames_2sec/path_0372.jpg,Reference/pathway_atlas/pathway_sheet_13_12m.jpg
path_0373.jpg,12:24,744,Reference/youtube_tUMoegiI5_Q/pathway_frames_2sec/path_0373.jpg,Reference/pathway_atlas/pathway_sheet_13_12m.jpg
path_0374.jpg,12:26,746,Reference/youtube_tUMoegiI5_Q/pathway_frames_2sec/path_0374.jpg,Reference/pathway_atlas/pathway_sheet_13_12m.jpg
path_0375.jpg,12:28,748,Reference/youtube_tUMoegiI5_Q/pathway_frames_2sec/path_0375.jpg,Reference/pathway_atlas/pathway_sheet_13_12m.jpg
path_0376.jpg,12:30,750,Reference/youtube_tUMoegiI5_Q/pathway_frames_2sec/path_0376.jpg,Reference/pathway_atlas/pathway_sheet_13_12m.jpg
path_0377.jpg,12:32,752,Reference/youtube_tUMoegiI5_Q/pathway_frames_2sec/path_0377.jpg,Reference/pathway_atlas/pathway_sheet_13_12m.jpg
path_0378.jpg,12:34,754,Reference/youtube_tUMoegiI5_Q/pathway_frames_2sec/path_0378.jpg,Reference/pathway_atlas/pathway_sheet_13_12m.jpg
path_0379.jpg,12:36,756,Reference/youtube_tUMoegiI5_Q/pathway_frames_2sec/path_0379.jpg,Reference/pathway_atlas/pathway_sheet_13_12m.jpg
path_0380.jpg,12:38,758,Reference/youtube_tUMoegiI5_Q/pathway_frames_2sec/path_0380.jpg,Reference/pathway_atlas/pathway_sheet_13_12m.jpg
path_0381.jpg,12:40,760,Reference/youtube_tUMoegiI5_Q/pathway_frames_2sec/path_0381.jpg,Reference/pathway_atlas/pathway_sheet_13_12m.jpg
path_0382.jpg,12:42,762,Reference/youtube_tUMoegiI5_Q/pathway_frames_2sec/path_0382.jpg,Reference/pathway_atlas/pathway_sheet_13_12m.jpg
path_0383.jpg,12:44,764,Reference/youtube_tUMoegiI5_Q/pathway_frames_2sec/path_0383.jpg,Reference/pathway_atlas/pathway_sheet_13_12m.jpg
path_0384.jpg,12:46,766,Reference/youtube_tUMoegiI5_Q/pathway_frames_2sec/path_0384.jpg,Reference/pathway_atlas/pathway_sheet_13_12m.jpg
path_0385.jpg,12:48,768,Reference/youtube_tUMoegiI5_Q/pathway_frames_2sec/path_0385.jpg,Reference/pathway_atlas/pathway_sheet_13_12m.jpg
path_0386.jpg,12:50,770,Reference/youtube_tUMoegiI5_Q/pathway_frames_2sec/path_0386.jpg,Reference/pathway_atlas/pathway_sheet_13_12m.jpg
path_0387.jpg,12:52,772,Reference/youtube_tUMoegiI5_Q/pathway_frames_2sec/path_0387.jpg,Reference/pathway_atlas/pathway_sheet_13_12m.jpg
path_0388.jpg,12:54,774,Reference/youtube_tUMoegiI5_Q/pathway_frames_2sec/path_0388.jpg,Reference/pathway_atlas/pathway_sheet_13_12m.jpg
path_0389.jpg,12:56,776,Reference/youtube_tUMoegiI5_Q/pathway_frames_2sec/path_0389.jpg,Reference/pathway_atlas/pathway_sheet_13_12m.jpg
path_0390.jpg,12:58,778,Reference/youtube_tUMoegiI5_Q/pathway_frames_2sec/path_0390.jpg,Reference/pathway_atlas/pathway_sheet_13_12m.jpg
path_0391.jpg,13:00,780,Reference/youtube_tUMoegiI5_Q/pathway_frames_2sec/path_0391.jpg,Reference/pathway_atlas/pathway_sheet_14_13m.jpg
path_0392.jpg,13:02,782,Reference/youtube_tUMoegiI5_Q/pathway_frames_2sec/path_0392.jpg,Reference/pathway_atlas/pathway_sheet_14_13m.jpg
path_0393.jpg,13:04,784,Reference/youtube_tUMoegiI5_Q/pathway_frames_2sec/path_0393.jpg,Reference/pathway_atlas/pathway_sheet_14_13m.jpg
path_0394.jpg,13:06,786,Reference/youtube_tUMoegiI5_Q/pathway_frames_2sec/path_0394.jpg,Reference/pathway_atlas/pathway_sheet_14_13m.jpg
path_0395.jpg,13:08,788,Reference/youtube_tUMoegiI5_Q/pathway_frames_2sec/path_0395.jpg,Reference/pathway_atlas/pathway_sheet_14_13m.jpg
path_0396.jpg,13:10,790,Reference/youtube_tUMoegiI5_Q/pathway_frames_2sec/path_0396.jpg,Reference/pathway_atlas/pathway_sheet_14_13m.jpg
path_0397.jpg,13:12,792,Reference/youtube_tUMoegiI5_Q/pathway_frames_2sec/path_0397.jpg,Reference/pathway_atlas/pathway_sheet_14_13m.jpg
path_0398.jpg,13:14,794,Reference/youtube_tUMoegiI5_Q/pathway_frames_2sec/path_0398.jpg,Reference/pathway_atlas/pathway_sheet_14_13m.jpg
path_0399.jpg,13:16,796,Reference/youtube_tUMoegiI5_Q/pathway_frames_2sec/path_0399.jpg,Reference/pathway_atlas/pathway_sheet_14_13m.jpg
path_0400.jpg,13:18,798,Reference/youtube_tUMoegiI5_Q/pathway_frames_2sec/path_0400.jpg,Reference/pathway_atlas/pathway_sheet_14_13m.jpg
path_0401.jpg,13:20,800,Reference/youtube_tUMoegiI5_Q/pathway_frames_2sec/path_0401.jpg,Reference/pathway_atlas/pathway_sheet_14_13m.jpg
path_0402.jpg,13:22,802,Reference/youtube_tUMoegiI5_Q/pathway_frames_2sec/path_0402.jpg,Reference/pathway_atlas/pathway_sheet_14_13m.jpg
path_0403.jpg,13:24,804,Reference/youtube_tUMoegiI5_Q/pathway_frames_2sec/path_0403.jpg,Reference/pathway_atlas/pathway_sheet_14_13m.jpg
path_0404.jpg,13:26,806,Reference/youtube_tUMoegiI5_Q/pathway_frames_2sec/path_0404.jpg,Reference/pathway_atlas/pathway_sheet_14_13m.jpg
path_0405.jpg,13:28,808,Reference/youtube_tUMoegiI5_Q/pathway_frames_2sec/path_0405.jpg,Reference/pathway_atlas/pathway_sheet_14_13m.jpg
path_0406.jpg,13:30,810,Reference/youtube_tUMoegiI5_Q/pathway_frames_2sec/path_0406.jpg,Reference/pathway_atlas/pathway_sheet_14_13m.jpg
path_0407.jpg,13:32,812,Reference/youtube_tUMoegiI5_Q/pathway_frames_2sec/path_0407.jpg,Reference/pathway_atlas/pathway_sheet_14_13m.jpg
path_0408.jpg,13:34,814,Reference/youtube_tUMoegiI5_Q/pathway_frames_2sec/path_0408.jpg,Reference/pathway_atlas/pathway_sheet_14_13m.jpg
path_0409.jpg,13:36,816,Reference/youtube_tUMoegiI5_Q/pathway_frames_2sec/path_0409.jpg,Reference/pathway_atlas/pathway_sheet_14_13m.jpg
path_0410.jpg,13:38,818,Reference/youtube_tUMoegiI5_Q/pathway_frames_2sec/path_0410.jpg,Reference/pathway_atlas/pathway_sheet_14_13m.jpg
path_0411.jpg,13:40,820,Reference/youtube_tUMoegiI5_Q/pathway_frames_2sec/path_0411.jpg,Reference/pathway_atlas/pathway_sheet_14_13m.jpg
path_0412.jpg,13:42,822,Reference/youtube_tUMoegiI5_Q/pathway_frames_2sec/path_0412.jpg,Reference/pathway_atlas/pathway_sheet_14_13m.jpg
path_0413.jpg,13:44,824,Reference/youtube_tUMoegiI5_Q/pathway_frames_2sec/path_0413.jpg,Reference/pathway_atlas/pathway_sheet_14_13m.jpg
path_0414.jpg,13:46,826,Reference/youtube_tUMoegiI5_Q/pathway_frames_2sec/path_0414.jpg,Reference/pathway_atlas/pathway_sheet_14_13m.jpg
path_0415.jpg,13:48,828,Reference/youtube_tUMoegiI5_Q/pathway_frames_2sec/path_0415.jpg,Reference/pathway_atlas/pathway_sheet_14_13m.jpg
path_0416.jpg,13:50,830,Reference/youtube_tUMoegiI5_Q/pathway_frames_2sec/path_0416.jpg,Reference/pathway_atlas/pathway_sheet_14_13m.jpg
path_0417.jpg,13:52,832,Reference/youtube_tUMoegiI5_Q/pathway_frames_2sec/path_0417.jpg,Reference/pathway_atlas/pathway_sheet_14_13m.jpg
path_0418.jpg,13:54,834,Reference/youtube_tUMoegiI5_Q/pathway_frames_2sec/path_0418.jpg,Reference/pathway_atlas/pathway_sheet_14_13m.jpg
path_0419.jpg,13:56,836,Reference/youtube_tUMoegiI5_Q/pathway_frames_2sec/path_0419.jpg,Reference/pathway_atlas/pathway_sheet_14_13m.jpg
path_0420.jpg,13:58,838,Reference/youtube_tUMoegiI5_Q/pathway_frames_2sec/path_0420.jpg,Reference/pathway_atlas/pathway_sheet_14_13m.jpg
path_0421.jpg,14:00,840,Reference/youtube_tUMoegiI5_Q/pathway_frames_2sec/path_0421.jpg,Reference/pathway_atlas/pathway_sheet_15_14m.jpg
path_0422.jpg,14:02,842,Reference/youtube_tUMoegiI5_Q/pathway_frames_2sec/path_0422.jpg,Reference/pathway_atlas/pathway_sheet_15_14m.jpg
path_0423.jpg,14:04,844,Reference/youtube_tUMoegiI5_Q/pathway_frames_2sec/path_0423.jpg,Reference/pathway_atlas/pathway_sheet_15_14m.jpg
path_0424.jpg,14:06,846,Reference/youtube_tUMoegiI5_Q/pathway_frames_2sec/path_0424.jpg,Reference/pathway_atlas/pathway_sheet_15_14m.jpg
path_0425.jpg,14:08,848,Reference/youtube_tUMoegiI5_Q/pathway_frames_2sec/path_0425.jpg,Reference/pathway_atlas/pathway_sheet_15_14m.jpg
path_0426.jpg,14:10,850,Reference/youtube_tUMoegiI5_Q/pathway_frames_2sec/path_0426.jpg,Reference/pathway_atlas/pathway_sheet_15_14m.jpg
path_0427.jpg,14:12,852,Reference/youtube_tUMoegiI5_Q/pathway_frames_2sec/path_0427.jpg,Reference/pathway_atlas/pathway_sheet_15_14m.jpg
path_0428.jpg,14:14,854,Reference/youtube_tUMoegiI5_Q/pathway_frames_2sec/path_0428.jpg,Reference/pathway_atlas/pathway_sheet_15_14m.jpg
path_0429.jpg,14:16,856,Reference/youtube_tUMoegiI5_Q/pathway_frames_2sec/path_0429.jpg,Reference/pathway_atlas/pathway_sheet_15_14m.jpg
path_0430.jpg,14:18,858,Reference/youtube_tUMoegiI5_Q/pathway_frames_2sec/path_0430.jpg,Reference/pathway_atlas/pathway_sheet_15_14m.jpg
path_0431.jpg,14:20,860,Reference/youtube_tUMoegiI5_Q/pathway_frames_2sec/path_0431.jpg,Reference/pathway_atlas/pathway_sheet_15_14m.jpg
path_0432.jpg,14:22,862,Reference/youtube_tUMoegiI5_Q/pathway_frames_2sec/path_0432.jpg,Reference/pathway_atlas/pathway_sheet_15_14m.jpg
path_0433.jpg,14:24,864,Reference/youtube_tUMoegiI5_Q/pathway_frames_2sec/path_0433.jpg,Reference/pathway_atlas/pathway_sheet_15_14m.jpg
path_0434.jpg,14:26,866,Reference/youtube_tUMoegiI5_Q/pathway_frames_2sec/path_0434.jpg,Reference/pathway_atlas/pathway_sheet_15_14m.jpg
path_0435.jpg,14:28,868,Reference/youtube_tUMoegiI5_Q/pathway_frames_2sec/path_0435.jpg,Reference/pathway_atlas/pathway_sheet_15_14m.jpg
path_0436.jpg,14:30,870,Reference/youtube_tUMoegiI5_Q/pathway_frames_2sec/path_0436.jpg,Reference/pathway_atlas/pathway_sheet_15_14m.jpg
path_0437.jpg,14:32,872,Reference/youtube_tUMoegiI5_Q/pathway_frames_2sec/path_0437.jpg,Reference/pathway_atlas/pathway_sheet_15_14m.jpg
path_0438.jpg,14:34,874,Reference/youtube_tUMoegiI5_Q/pathway_frames_2sec/path_0438.jpg,Reference/pathway_atlas/pathway_sheet_15_14m.jpg
path_0439.jpg,14:36,876,Reference/youtube_tUMoegiI5_Q/pathway_frames_2sec/path_0439.jpg,Reference/pathway_atlas/pathway_sheet_15_14m.jpg
path_0440.jpg,14:38,878,Reference/youtube_tUMoegiI5_Q/pathway_frames_2sec/path_0440.jpg,Reference/pathway_atlas/pathway_sheet_15_14m.jpg
path_0441.jpg,14:40,880,Reference/youtube_tUMoegiI5_Q/pathway_frames_2sec/path_0441.jpg,Reference/pathway_atlas/pathway_sheet_15_14m.jpg
path_0442.jpg,14:42,882,Reference/youtube_tUMoegiI5_Q/pathway_frames_2sec/path_0442.jpg,Reference/pathway_atlas/pathway_sheet_15_14m.jpg
path_0443.jpg,14:44,884,Reference/youtube_tUMoegiI5_Q/pathway_frames_2sec/path_0443.jpg,Reference/pathway_atlas/pathway_sheet_15_14m.jpg
path_0444.jpg,14:46,886,Reference/youtube_tUMoegiI5_Q/pathway_frames_2sec/path_0444.jpg,Reference/pathway_atlas/pathway_sheet_15_14m.jpg
path_0445.jpg,14:48,888,Reference/youtube_tUMoegiI5_Q/pathway_frames_2sec/path_0445.jpg,Reference/pathway_atlas/pathway_sheet_15_14m.jpg
path_0446.jpg,14:50,890,Reference/youtube_tUMoegiI5_Q/pathway_frames_2sec/path_0446.jpg,Reference/pathway_atlas/pathway_sheet_15_14m.jpg
path_0447.jpg,14:52,892,Reference/youtube_tUMoegiI5_Q/pathway_frames_2sec/path_0447.jpg,Reference/pathway_atlas/pathway_sheet_15_14m.jpg
path_0448.jpg,14:54,894,Reference/youtube_tUMoegiI5_Q/pathway_frames_2sec/path_0448.jpg,Reference/pathway_atlas/pathway_sheet_15_14m.jpg
path_0449.jpg,14:56,896,Reference/youtube_tUMoegiI5_Q/pathway_frames_2sec/path_0449.jpg,Reference/pathway_atlas/pathway_sheet_15_14m.jpg
path_0450.jpg,14:58,898,Reference/youtube_tUMoegiI5_Q/pathway_frames_2sec/path_0450.jpg,Reference/pathway_atlas/pathway_sheet_15_14m.jpg
path_0451.jpg,15:00,900,Reference/youtube_tUMoegiI5_Q/pathway_frames_2sec/path_0451.jpg,Reference/pathway_atlas/pathway_sheet_16_15m.jpg
path_0452.jpg,15:02,902,Reference/youtube_tUMoegiI5_Q/pathway_frames_2sec/path_0452.jpg,Reference/pathway_atlas/pathway_sheet_16_15m.jpg
path_0453.jpg,15:04,904,Reference/youtube_tUMoegiI5_Q/pathway_frames_2sec/path_0453.jpg,Reference/pathway_atlas/pathway_sheet_16_15m.jpg
path_0454.jpg,15:06,906,Reference/youtube_tUMoegiI5_Q/pathway_frames_2sec/path_0454.jpg,Reference/pathway_atlas/pathway_sheet_16_15m.jpg
path_0455.jpg,15:08,908,Reference/youtube_tUMoegiI5_Q/pathway_frames_2sec/path_0455.jpg,Reference/pathway_atlas/pathway_sheet_16_15m.jpg
path_0456.jpg,15:10,910,Reference/youtube_tUMoegiI5_Q/pathway_frames_2sec/path_0456.jpg,Reference/pathway_atlas/pathway_sheet_16_15m.jpg
path_0457.jpg,15:12,912,Reference/youtube_tUMoegiI5_Q/pathway_frames_2sec/path_0457.jpg,Reference/pathway_atlas/pathway_sheet_16_15m.jpg
path_0458.jpg,15:14,914,Reference/youtube_tUMoegiI5_Q/pathway_frames_2sec/path_0458.jpg,Reference/pathway_atlas/pathway_sheet_16_15m.jpg
path_0459.jpg,15:16,916,Reference/youtube_tUMoegiI5_Q/pathway_frames_2sec/path_0459.jpg,Reference/pathway_atlas/pathway_sheet_16_15m.jpg
path_0460.jpg,15:18,918,Reference/youtube_tUMoegiI5_Q/pathway_frames_2sec/path_0460.jpg,Reference/pathway_atlas/pathway_sheet_16_15m.jpg
path_0461.jpg,15:20,920,Reference/youtube_tUMoegiI5_Q/pathway_frames_2sec/path_0461.jpg,Reference/pathway_atlas/pathway_sheet_16_15m.jpg
path_0462.jpg,15:22,922,Reference/youtube_tUMoegiI5_Q/pathway_frames_2sec/path_0462.jpg,Reference/pathway_atlas/pathway_sheet_16_15m.jpg
path_0463.jpg,15:24,924,Reference/youtube_tUMoegiI5_Q/pathway_frames_2sec/path_0463.jpg,Reference/pathway_atlas/pathway_sheet_16_15m.jpg
path_0464.jpg,15:26,926,Reference/youtube_tUMoegiI5_Q/pathway_frames_2sec/path_0464.jpg,Reference/pathway_atlas/pathway_sheet_16_15m.jpg
path_0465.jpg,15:28,928,Reference/youtube_tUMoegiI5_Q/pathway_frames_2sec/path_0465.jpg,Reference/pathway_atlas/pathway_sheet_16_15m.jpg
path_0466.jpg,15:30,930,Reference/youtube_tUMoegiI5_Q/pathway_frames_2sec/path_0466.jpg,Reference/pathway_atlas/pathway_sheet_16_15m.jpg
path_0467.jpg,15:32,932,Reference/youtube_tUMoegiI5_Q/pathway_frames_2sec/path_0467.jpg,Reference/pathway_atlas/pathway_sheet_16_15m.jpg
path_0468.jpg,15:34,934,Reference/youtube_tUMoegiI5_Q/pathway_frames_2sec/path_0468.jpg,Reference/pathway_atlas/pathway_sheet_16_15m.jpg
path_0469.jpg,15:36,936,Reference/youtube_tUMoegiI5_Q/pathway_frames_2sec/path_0469.jpg,Reference/pathway_atlas/pathway_sheet_16_15m.jpg
path_0470.jpg,15:38,938,Reference/youtube_tUMoegiI5_Q/pathway_frames_2sec/path_0470.jpg,Reference/pathway_atlas/pathway_sheet_16_15m.jpg
path_0471.jpg,15:40,940,Reference/youtube_tUMoegiI5_Q/pathway_frames_2sec/path_0471.jpg,Reference/pathway_atlas/pathway_sheet_16_15m.jpg
path_0472.jpg,15:42,942,Reference/youtube_tUMoegiI5_Q/pathway_frames_2sec/path_0472.jpg,Reference/pathway_atlas/pathway_sheet_16_15m.jpg
path_0473.jpg,15:44,944,Reference/youtube_tUMoegiI5_Q/pathway_frames_2sec/path_0473.jpg,Reference/pathway_atlas/pathway_sheet_16_15m.jpg
path_0474.jpg,15:46,946,Reference/youtube_tUMoegiI5_Q/pathway_frames_2sec/path_0474.jpg,Reference/pathway_atlas/pathway_sheet_16_15m.jpg
path_0475.jpg,15:48,948,Reference/youtube_tUMoegiI5_Q/pathway_frames_2sec/path_0475.jpg,Reference/pathway_atlas/pathway_sheet_16_15m.jpg
path_0476.jpg,15:50,950,Reference/youtube_tUMoegiI5_Q/pathway_frames_2sec/path_0476.jpg,Reference/pathway_atlas/pathway_sheet_16_15m.jpg
path_0477.jpg,15:52,952,Reference/youtube_tUMoegiI5_Q/pathway_frames_2sec/path_0477.jpg,Reference/pathway_atlas/pathway_sheet_16_15m.jpg
path_0478.jpg,15:54,954,Reference/youtube_tUMoegiI5_Q/pathway_frames_2sec/path_0478.jpg,Reference/pathway_atlas/pathway_sheet_16_15m.jpg
path_0479.jpg,15:56,956,Reference/youtube_tUMoegiI5_Q/pathway_frames_2sec/path_0479.jpg,Reference/pathway_atlas/pathway_sheet_16_15m.jpg
path_0480.jpg,15:58,958,Reference/youtube_tUMoegiI5_Q/pathway_frames_2sec/path_0480.jpg,Reference/pathway_atlas/pathway_sheet_16_15m.jpg
path_0481.jpg,16:00,960,Reference/youtube_tUMoegiI5_Q/pathway_frames_2sec/path_0481.jpg,Reference/pathway_atlas/pathway_sheet_17_16m.jpg
path_0482.jpg,16:02,962,Reference/youtube_tUMoegiI5_Q/pathway_frames_2sec/path_0482.jpg,Reference/pathway_atlas/pathway_sheet_17_16m.jpg
path_0483.jpg,16:04,964,Reference/youtube_tUMoegiI5_Q/pathway_frames_2sec/path_0483.jpg,Reference/pathway_atlas/pathway_sheet_17_16m.jpg
path_0484.jpg,16:06,966,Reference/youtube_tUMoegiI5_Q/pathway_frames_2sec/path_0484.jpg,Reference/pathway_atlas/pathway_sheet_17_16m.jpg
path_0485.jpg,16:08,968,Reference/youtube_tUMoegiI5_Q/pathway_frames_2sec/path_0485.jpg,Reference/pathway_atlas/pathway_sheet_17_16m.jpg
path_0486.jpg,16:10,970,Reference/youtube_tUMoegiI5_Q/pathway_frames_2sec/path_0486.jpg,Reference/pathway_atlas/pathway_sheet_17_16m.jpg
path_0487.jpg,16:12,972,Reference/youtube_tUMoegiI5_Q/pathway_frames_2sec/path_0487.jpg,Reference/pathway_atlas/pathway_sheet_17_16m.jpg
path_0488.jpg,16:14,974,Reference/youtube_tUMoegiI5_Q/pathway_frames_2sec/path_0488.jpg,Reference/pathway_atlas/pathway_sheet_17_16m.jpg
path_0489.jpg,16:16,976,Reference/youtube_tUMoegiI5_Q/pathway_frames_2sec/path_0489.jpg,Reference/pathway_atlas/pathway_sheet_17_16m.jpg
path_0490.jpg,16:18,978,Reference/youtube_tUMoegiI5_Q/pathway_frames_2sec/path_0490.jpg,Reference/pathway_atlas/pathway_sheet_17_16m.jpg
path_0491.jpg,16:20,980,Reference/youtube_tUMoegiI5_Q/pathway_frames_2sec/path_0491.jpg,Reference/pathway_atlas/pathway_sheet_17_16m.jpg
path_0492.jpg,16:22,982,Reference/youtube_tUMoegiI5_Q/pathway_frames_2sec/path_0492.jpg,Reference/pathway_atlas/pathway_sheet_17_16m.jpg
path_0493.jpg,16:24,984,Reference/youtube_tUMoegiI5_Q/pathway_frames_2sec/path_0493.jpg,Reference/pathway_atlas/pathway_sheet_17_16m.jpg
path_0494.jpg,16:26,986,Reference/youtube_tUMoegiI5_Q/pathway_frames_2sec/path_0494.jpg,Reference/pathway_atlas/pathway_sheet_17_16m.jpg
path_0495.jpg,16:28,988,Reference/youtube_tUMoegiI5_Q/pathway_frames_2sec/path_0495.jpg,Reference/pathway_atlas/pathway_sheet_17_16m.jpg
path_0496.jpg,16:30,990,Reference/youtube_tUMoegiI5_Q/pathway_frames_2sec/path_0496.jpg,Reference/pathway_atlas/pathway_sheet_17_16m.jpg
path_0497.jpg,16:32,992,Reference/youtube_tUMoegiI5_Q/pathway_frames_2sec/path_0497.jpg,Reference/pathway_atlas/pathway_sheet_17_16m.jpg
path_0498.jpg,16:34,994,Reference/youtube_tUMoegiI5_Q/pathway_frames_2sec/path_0498.jpg,Reference/pathway_atlas/pathway_sheet_17_16m.jpg
path_0499.jpg,16:36,996,Reference/youtube_tUMoegiI5_Q/pathway_frames_2sec/path_0499.jpg,Reference/pathway_atlas/pathway_sheet_17_16m.jpg
path_0500.jpg,16:38,998,Reference/youtube_tUMoegiI5_Q/pathway_frames_2sec/path_0500.jpg,Reference/pathway_atlas/pathway_sheet_17_16m.jpg
path_0501.jpg,16:40,1000,Reference/youtube_tUMoegiI5_Q/pathway_frames_2sec/path_0501.jpg,Reference/pathway_atlas/pathway_sheet_17_16m.jpg
path_0502.jpg,16:42,1002,Reference/youtube_tUMoegiI5_Q/pathway_frames_2sec/path_0502.jpg,Reference/pathway_atlas/pathway_sheet_17_16m.jpg
path_0503.jpg,16:44,1004,Reference/youtube_tUMoegiI5_Q/pathway_frames_2sec/path_0503.jpg,Reference/pathway_atlas/pathway_sheet_17_16m.jpg
path_0504.jpg,16:46,1006,Reference/youtube_tUMoegiI5_Q/pathway_frames_2sec/path_0504.jpg,Reference/pathway_atlas/pathway_sheet_17_16m.jpg
path_0505.jpg,16:48,1008,Reference/youtube_tUMoegiI5_Q/pathway_frames_2sec/path_0505.jpg,Reference/pathway_atlas/pathway_sheet_17_16m.jpg
path_0506.jpg,16:50,1010,Reference/youtube_tUMoegiI5_Q/pathway_frames_2sec/path_0506.jpg,Reference/pathway_atlas/pathway_sheet_17_16m.jpg
path_0507.jpg,16:52,1012,Reference/youtube_tUMoegiI5_Q/pathway_frames_2sec/path_0507.jpg,Reference/pathway_atlas/pathway_sheet_17_16m.jpg
path_0508.jpg,16:54,1014,Reference/youtube_tUMoegiI5_Q/pathway_frames_2sec/path_0508.jpg,Reference/pathway_atlas/pathway_sheet_17_16m.jpg
path_0509.jpg,16:56,1016,Reference/youtube_tUMoegiI5_Q/pathway_frames_2sec/path_0509.jpg,Reference/pathway_atlas/pathway_sheet_17_16m.jpg
path_0510.jpg,16:58,1018,Reference/youtube_tUMoegiI5_Q/pathway_frames_2sec/path_0510.jpg,Reference/pathway_atlas/pathway_sheet_17_16m.jpg
path_0511.jpg,17:00,1020,Reference/youtube_tUMoegiI5_Q/pathway_frames_2sec/path_0511.jpg,Reference/pathway_atlas/pathway_sheet_18_17m.jpg
path_0512.jpg,17:02,1022,Reference/youtube_tUMoegiI5_Q/pathway_frames_2sec/path_0512.jpg,Reference/pathway_atlas/pathway_sheet_18_17m.jpg
path_0513.jpg,17:04,1024,Reference/youtube_tUMoegiI5_Q/pathway_frames_2sec/path_0513.jpg,Reference/pathway_atlas/pathway_sheet_18_17m.jpg
path_0514.jpg,17:06,1026,Reference/youtube_tUMoegiI5_Q/pathway_frames_2sec/path_0514.jpg,Reference/pathway_atlas/pathway_sheet_18_17m.jpg
path_0515.jpg,17:08,1028,Reference/youtube_tUMoegiI5_Q/pathway_frames_2sec/path_0515.jpg,Reference/pathway_atlas/pathway_sheet_18_17m.jpg
path_0516.jpg,17:10,1030,Reference/youtube_tUMoegiI5_Q/pathway_frames_2sec/path_0516.jpg,Reference/pathway_atlas/pathway_sheet_18_17m.jpg
path_0517.jpg,17:12,1032,Reference/youtube_tUMoegiI5_Q/pathway_frames_2sec/path_0517.jpg,Reference/pathway_atlas/pathway_sheet_18_17m.jpg
path_0518.jpg,17:14,1034,Reference/youtube_tUMoegiI5_Q/pathway_frames_2sec/path_0518.jpg,Reference/pathway_atlas/pathway_sheet_18_17m.jpg
path_0519.jpg,17:16,1036,Reference/youtube_tUMoegiI5_Q/pathway_frames_2sec/path_0519.jpg,Reference/pathway_atlas/pathway_sheet_18_17m.jpg
path_0520.jpg,17:18,1038,Reference/youtube_tUMoegiI5_Q/pathway_frames_2sec/path_0520.jpg,Reference/pathway_atlas/pathway_sheet_18_17m.jpg
path_0521.jpg,17:20,1040,Reference/youtube_tUMoegiI5_Q/pathway_frames_2sec/path_0521.jpg,Reference/pathway_atlas/pathway_sheet_18_17m.jpg
path_0522.jpg,17:22,1042,Reference/youtube_tUMoegiI5_Q/pathway_frames_2sec/path_0522.jpg,Reference/pathway_atlas/pathway_sheet_18_17m.jpg
path_0523.jpg,17:24,1044,Reference/youtube_tUMoegiI5_Q/pathway_frames_2sec/path_0523.jpg,Reference/pathway_atlas/pathway_sheet_18_17m.jpg
path_0524.jpg,17:26,1046,Reference/youtube_tUMoegiI5_Q/pathway_frames_2sec/path_0524.jpg,Reference/pathway_atlas/pathway_sheet_18_17m.jpg
path_0525.jpg,17:28,1048,Reference/youtube_tUMoegiI5_Q/pathway_frames_2sec/path_0525.jpg,Reference/pathway_atlas/pathway_sheet_18_17m.jpg
path_0526.jpg,17:30,1050,Reference/youtube_tUMoegiI5_Q/pathway_frames_2sec/path_0526.jpg,Reference/pathway_atlas/pathway_sheet_18_17m.jpg
path_0527.jpg,17:32,1052,Reference/youtube_tUMoegiI5_Q/pathway_frames_2sec/path_0527.jpg,Reference/pathway_atlas/pathway_sheet_18_17m.jpg
path_0528.jpg,17:34,1054,Reference/youtube_tUMoegiI5_Q/pathway_frames_2sec/path_0528.jpg,Reference/pathway_atlas/pathway_sheet_18_17m.jpg
path_0529.jpg,17:36,1056,Reference/youtube_tUMoegiI5_Q/pathway_frames_2sec/path_0529.jpg,Reference/pathway_atlas/pathway_sheet_18_17m.jpg
path_0530.jpg,17:38,1058,Reference/youtube_tUMoegiI5_Q/pathway_frames_2sec/path_0530.jpg,Reference/pathway_atlas/pathway_sheet_18_17m.jpg
path_0531.jpg,17:40,1060,Reference/youtube_tUMoegiI5_Q/pathway_frames_2sec/path_0531.jpg,Reference/pathway_atlas/pathway_sheet_18_17m.jpg
path_0532.jpg,17:42,1062,Reference/youtube_tUMoegiI5_Q/pathway_frames_2sec/path_0532.jpg,Reference/pathway_atlas/pathway_sheet_18_17m.jpg
path_0533.jpg,17:44,1064,Reference/youtube_tUMoegiI5_Q/pathway_frames_2sec/path_0533.jpg,Reference/pathway_atlas/pathway_sheet_18_17m.jpg
path_0534.jpg,17:46,1066,Reference/youtube_tUMoegiI5_Q/pathway_frames_2sec/path_0534.jpg,Reference/pathway_atlas/pathway_sheet_18_17m.jpg
path_0535.jpg,17:48,1068,Reference/youtube_tUMoegiI5_Q/pathway_frames_2sec/path_0535.jpg,Reference/pathway_atlas/pathway_sheet_18_17m.jpg
path_0536.jpg,17:50,1070,Reference/youtube_tUMoegiI5_Q/pathway_frames_2sec/path_0536.jpg,Reference/pathway_atlas/pathway_sheet_18_17m.jpg
path_0537.jpg,17:52,1072,Reference/youtube_tUMoegiI5_Q/pathway_frames_2sec/path_0537.jpg,Reference/pathway_atlas/pathway_sheet_18_17m.jpg
path_0538.jpg,17:54,1074,Reference/youtube_tUMoegiI5_Q/pathway_frames_2sec/path_0538.jpg,Reference/pathway_atlas/pathway_sheet_18_17m.jpg
path_0539.jpg,17:56,1076,Reference/youtube_tUMoegiI5_Q/pathway_frames_2sec/path_0539.jpg,Reference/pathway_atlas/pathway_sheet_18_17m.jpg
path_0540.jpg,17:58,1078,Reference/youtube_tUMoegiI5_Q/pathway_frames_2sec/path_0540.jpg,Reference/pathway_atlas/pathway_sheet_18_17m.jpg
path_0541.jpg,18:00,1080,Reference/youtube_tUMoegiI5_Q/pathway_frames_2sec/path_0541.jpg,Reference/pathway_atlas/pathway_sheet_19_18m.jpg
path_0542.jpg,18:02,1082,Reference/youtube_tUMoegiI5_Q/pathway_frames_2sec/path_0542.jpg,Reference/pathway_atlas/pathway_sheet_19_18m.jpg
path_0543.jpg,18:04,1084,Reference/youtube_tUMoegiI5_Q/pathway_frames_2sec/path_0543.jpg,Reference/pathway_atlas/pathway_sheet_19_18m.jpg
path_0544.jpg,18:06,1086,Reference/youtube_tUMoegiI5_Q/pathway_frames_2sec/path_0544.jpg,Reference/pathway_atlas/pathway_sheet_19_18m.jpg
path_0545.jpg,18:08,1088,Reference/youtube_tUMoegiI5_Q/pathway_frames_2sec/path_0545.jpg,Reference/pathway_atlas/pathway_sheet_19_18m.jpg
path_0546.jpg,18:10,1090,Reference/youtube_tUMoegiI5_Q/pathway_frames_2sec/path_0546.jpg,Reference/pathway_atlas/pathway_sheet_19_18m.jpg
path_0547.jpg,18:12,1092,Reference/youtube_tUMoegiI5_Q/pathway_frames_2sec/path_0547.jpg,Reference/pathway_atlas/pathway_sheet_19_18m.jpg
path_0548.jpg,18:14,1094,Reference/youtube_tUMoegiI5_Q/pathway_frames_2sec/path_0548.jpg,Reference/pathway_atlas/pathway_sheet_19_18m.jpg
path_0549.jpg,18:16,1096,Reference/youtube_tUMoegiI5_Q/pathway_frames_2sec/path_0549.jpg,Reference/pathway_atlas/pathway_sheet_19_18m.jpg
path_0550.jpg,18:18,1098,Reference/youtube_tUMoegiI5_Q/pathway_frames_2sec/path_0550.jpg,Reference/pathway_atlas/pathway_sheet_19_18m.jpg
path_0551.jpg,18:20,1100,Reference/youtube_tUMoegiI5_Q/pathway_frames_2sec/path_0551.jpg,Reference/pathway_atlas/pathway_sheet_19_18m.jpg
path_0552.jpg,18:22,1102,Reference/youtube_tUMoegiI5_Q/pathway_frames_2sec/path_0552.jpg,Reference/pathway_atlas/pathway_sheet_19_18m.jpg
path_0553.jpg,18:24,1104,Reference/youtube_tUMoegiI5_Q/pathway_frames_2sec/path_0553.jpg,Reference/pathway_atlas/pathway_sheet_19_18m.jpg
path_0554.jpg,18:26,1106,Reference/youtube_tUMoegiI5_Q/pathway_frames_2sec/path_0554.jpg,Reference/pathway_atlas/pathway_sheet_19_18m.jpg
path_0555.jpg,18:28,1108,Reference/youtube_tUMoegiI5_Q/pathway_frames_2sec/path_0555.jpg,Reference/pathway_atlas/pathway_sheet_19_18m.jpg
path_0556.jpg,18:30,1110,Reference/youtube_tUMoegiI5_Q/pathway_frames_2sec/path_0556.jpg,Reference/pathway_atlas/pathway_sheet_19_18m.jpg
path_0557.jpg,18:32,1112,Reference/youtube_tUMoegiI5_Q/pathway_frames_2sec/path_0557.jpg,Reference/pathway_atlas/pathway_sheet_19_18m.jpg
path_0558.jpg,18:34,1114,Reference/youtube_tUMoegiI5_Q/pathway_frames_2sec/path_0558.jpg,Reference/pathway_atlas/pathway_sheet_19_18m.jpg
path_0559.jpg,18:36,1116,Reference/youtube_tUMoegiI5_Q/pathway_frames_2sec/path_0559.jpg,Reference/pathway_atlas/pathway_sheet_19_18m.jpg
path_0560.jpg,18:38,1118,Reference/youtube_tUMoegiI5_Q/pathway_frames_2sec/path_0560.jpg,Reference/pathway_atlas/pathway_sheet_19_18m.jpg
path_0561.jpg,18:40,1120,Reference/youtube_tUMoegiI5_Q/pathway_frames_2sec/path_0561.jpg,Reference/pathway_atlas/pathway_sheet_19_18m.jpg
path_0562.jpg,18:42,1122,Reference/youtube_tUMoegiI5_Q/pathway_frames_2sec/path_0562.jpg,Reference/pathway_atlas/pathway_sheet_19_18m.jpg
path_0563.jpg,18:44,1124,Reference/youtube_tUMoegiI5_Q/pathway_frames_2sec/path_0563.jpg,Reference/pathway_atlas/pathway_sheet_19_18m.jpg
path_0564.jpg,18:46,1126,Reference/youtube_tUMoegiI5_Q/pathway_frames_2sec/path_0564.jpg,Reference/pathway_atlas/pathway_sheet_19_18m.jpg
path_0565.jpg,18:48,1128,Reference/youtube_tUMoegiI5_Q/pathway_frames_2sec/path_0565.jpg,Reference/pathway_atlas/pathway_sheet_19_18m.jpg
path_0566.jpg,18:50,1130,Reference/youtube_tUMoegiI5_Q/pathway_frames_2sec/path_0566.jpg,Reference/pathway_atlas/pathway_sheet_19_18m.jpg
path_0567.jpg,18:52,1132,Reference/youtube_tUMoegiI5_Q/pathway_frames_2sec/path_0567.jpg,Reference/pathway_atlas/pathway_sheet_19_18m.jpg
path_0568.jpg,18:54,1134,Reference/youtube_tUMoegiI5_Q/pathway_frames_2sec/path_0568.jpg,Reference/pathway_atlas/pathway_sheet_19_18m.jpg
path_0569.jpg,18:56,1136,Reference/youtube_tUMoegiI5_Q/pathway_frames_2sec/path_0569.jpg,Reference/pathway_atlas/pathway_sheet_19_18m.jpg
path_0570.jpg,18:58,1138,Reference/youtube_tUMoegiI5_Q/pathway_frames_2sec/path_0570.jpg,Reference/pathway_atlas/pathway_sheet_19_18m.jpg
path_0571.jpg,19:00,1140,Reference/youtube_tUMoegiI5_Q/pathway_frames_2sec/path_0571.jpg,Reference/pathway_atlas/pathway_sheet_20_19m.jpg
path_0572.jpg,19:02,1142,Reference/youtube_tUMoegiI5_Q/pathway_frames_2sec/path_0572.jpg,Reference/pathway_atlas/pathway_sheet_20_19m.jpg
path_0573.jpg,19:04,1144,Reference/youtube_tUMoegiI5_Q/pathway_frames_2sec/path_0573.jpg,Reference/pathway_atlas/pathway_sheet_20_19m.jpg
path_0574.jpg,19:06,1146,Reference/youtube_tUMoegiI5_Q/pathway_frames_2sec/path_0574.jpg,Reference/pathway_atlas/pathway_sheet_20_19m.jpg
path_0575.jpg,19:08,1148,Reference/youtube_tUMoegiI5_Q/pathway_frames_2sec/path_0575.jpg,Reference/pathway_atlas/pathway_sheet_20_19m.jpg
path_0576.jpg,19:10,1150,Reference/youtube_tUMoegiI5_Q/pathway_frames_2sec/path_0576.jpg,Reference/pathway_atlas/pathway_sheet_20_19m.jpg
path_0577.jpg,19:12,1152,Reference/youtube_tUMoegiI5_Q/pathway_frames_2sec/path_0577.jpg,Reference/pathway_atlas/pathway_sheet_20_19m.jpg
path_0578.jpg,19:14,1154,Reference/youtube_tUMoegiI5_Q/pathway_frames_2sec/path_0578.jpg,Reference/pathway_atlas/pathway_sheet_20_19m.jpg
path_0579.jpg,19:16,1156,Reference/youtube_tUMoegiI5_Q/pathway_frames_2sec/path_0579.jpg,Reference/pathway_atlas/pathway_sheet_20_19m.jpg
path_0580.jpg,19:18,1158,Reference/youtube_tUMoegiI5_Q/pathway_frames_2sec/path_0580.jpg,Reference/pathway_atlas/pathway_sheet_20_19m.jpg
path_0581.jpg,19:20,1160,Reference/youtube_tUMoegiI5_Q/pathway_frames_2sec/path_0581.jpg,Reference/pathway_atlas/pathway_sheet_20_19m.jpg
path_0582.jpg,19:22,1162,Reference/youtube_tUMoegiI5_Q/pathway_frames_2sec/path_0582.jpg,Reference/pathway_atlas/pathway_sheet_20_19m.jpg
path_0583.jpg,19:24,1164,Reference/youtube_tUMoegiI5_Q/pathway_frames_2sec/path_0583.jpg,Reference/pathway_atlas/pathway_sheet_20_19m.jpg
path_0584.jpg,19:26,1166,Reference/youtube_tUMoegiI5_Q/pathway_frames_2sec/path_0584.jpg,Reference/pathway_atlas/pathway_sheet_20_19m.jpg
path_0585.jpg,19:28,1168,Reference/youtube_tUMoegiI5_Q/pathway_frames_2sec/path_0585.jpg,Reference/pathway_atlas/pathway_sheet_20_19m.jpg
path_0586.jpg,19:30,1170,Reference/youtube_tUMoegiI5_Q/pathway_frames_2sec/path_0586.jpg,Reference/pathway_atlas/pathway_sheet_20_19m.jpg
path_0587.jpg,19:32,1172,Reference/youtube_tUMoegiI5_Q/pathway_frames_2sec/path_0587.jpg,Reference/pathway_atlas/pathway_sheet_20_19m.jpg
path_0588.jpg,19:34,1174,Reference/youtube_tUMoegiI5_Q/pathway_frames_2sec/path_0588.jpg,Reference/pathway_atlas/pathway_sheet_20_19m.jpg
path_0589.jpg,19:36,1176,Reference/youtube_tUMoegiI5_Q/pathway_frames_2sec/path_0589.jpg,Reference/pathway_atlas/pathway_sheet_20_19m.jpg
path_0590.jpg,19:38,1178,Reference/youtube_tUMoegiI5_Q/pathway_frames_2sec/path_0590.jpg,Reference/pathway_atlas/pathway_sheet_20_19m.jpg
path_0591.jpg,19:40,1180,Reference/youtube_tUMoegiI5_Q/pathway_frames_2sec/path_0591.jpg,Reference/pathway_atlas/pathway_sheet_20_19m.jpg
path_0592.jpg,19:42,1182,Reference/youtube_tUMoegiI5_Q/pathway_frames_2sec/path_0592.jpg,Reference/pathway_atlas/pathway_sheet_20_19m.jpg
path_0593.jpg,19:44,1184,Reference/youtube_tUMoegiI5_Q/pathway_frames_2sec/path_0593.jpg,Reference/pathway_atlas/pathway_sheet_20_19m.jpg
path_0594.jpg,19:46,1186,Reference/youtube_tUMoegiI5_Q/pathway_frames_2sec/path_0594.jpg,Reference/pathway_atlas/pathway_sheet_20_19m.jpg
path_0595.jpg,19:48,1188,Reference/youtube_tUMoegiI5_Q/pathway_frames_2sec/path_0595.jpg,Reference/pathway_atlas/pathway_sheet_20_19m.jpg
path_0596.jpg,19:50,1190,Reference/youtube_tUMoegiI5_Q/pathway_frames_2sec/path_0596.jpg,Reference/pathway_atlas/pathway_sheet_20_19m.jpg
path_0597.jpg,19:52,1192,Reference/youtube_tUMoegiI5_Q/pathway_frames_2sec/path_0597.jpg,Reference/pathway_atlas/pathway_sheet_20_19m.jpg
path_0598.jpg,19:54,1194,Reference/youtube_tUMoegiI5_Q/pathway_frames_2sec/path_0598.jpg,Reference/pathway_atlas/pathway_sheet_20_19m.jpg
path_0599.jpg,19:56,1196,Reference/youtube_tUMoegiI5_Q/pathway_frames_2sec/path_0599.jpg,Reference/pathway_atlas/pathway_sheet_20_19m.jpg
path_0600.jpg,19:58,1198,Reference/youtube_tUMoegiI5_Q/pathway_frames_2sec/path_0600.jpg,Reference/pathway_atlas/pathway_sheet_20_19m.jpg
path_0601.jpg,20:00,1200,Reference/youtube_tUMoegiI5_Q/pathway_frames_2sec/path_0601.jpg,Reference/pathway_atlas/pathway_sheet_21_20m.jpg
path_0602.jpg,20:02,1202,Reference/youtube_tUMoegiI5_Q/pathway_frames_2sec/path_0602.jpg,Reference/pathway_atlas/pathway_sheet_21_20m.jpg
path_0603.jpg,20:04,1204,Reference/youtube_tUMoegiI5_Q/pathway_frames_2sec/path_0603.jpg,Reference/pathway_atlas/pathway_sheet_21_20m.jpg
path_0604.jpg,20:06,1206,Reference/youtube_tUMoegiI5_Q/pathway_frames_2sec/path_0604.jpg,Reference/pathway_atlas/pathway_sheet_21_20m.jpg
path_0605.jpg,20:08,1208,Reference/youtube_tUMoegiI5_Q/pathway_frames_2sec/path_0605.jpg,Reference/pathway_atlas/pathway_sheet_21_20m.jpg
path_0606.jpg,20:10,1210,Reference/youtube_tUMoegiI5_Q/pathway_frames_2sec/path_0606.jpg,Reference/pathway_atlas/pathway_sheet_21_20m.jpg
path_0607.jpg,20:12,1212,Reference/youtube_tUMoegiI5_Q/pathway_frames_2sec/path_0607.jpg,Reference/pathway_atlas/pathway_sheet_21_20m.jpg
path_0608.jpg,20:14,1214,Reference/youtube_tUMoegiI5_Q/pathway_frames_2sec/path_0608.jpg,Reference/pathway_atlas/pathway_sheet_21_20m.jpg
path_0609.jpg,20:16,1216,Reference/youtube_tUMoegiI5_Q/pathway_frames_2sec/path_0609.jpg,Reference/pathway_atlas/pathway_sheet_21_20m.jpg
path_0610.jpg,20:18,1218,Reference/youtube_tUMoegiI5_Q/pathway_frames_2sec/path_0610.jpg,Reference/pathway_atlas/pathway_sheet_21_20m.jpg
path_0611.jpg,20:20,1220,Reference/youtube_tUMoegiI5_Q/pathway_frames_2sec/path_0611.jpg,Reference/pathway_atlas/pathway_sheet_21_20m.jpg
path_0612.jpg,20:22,1222,Reference/youtube_tUMoegiI5_Q/pathway_frames_2sec/path_0612.jpg,Reference/pathway_atlas/pathway_sheet_21_20m.jpg
path_0613.jpg,20:24,1224,Reference/youtube_tUMoegiI5_Q/pathway_frames_2sec/path_0613.jpg,Reference/pathway_atlas/pathway_sheet_21_20m.jpg
path_0614.jpg,20:26,1226,Reference/youtube_tUMoegiI5_Q/pathway_frames_2sec/path_0614.jpg,Reference/pathway_atlas/pathway_sheet_21_20m.jpg
path_0615.jpg,20:28,1228,Reference/youtube_tUMoegiI5_Q/pathway_frames_2sec/path_0615.jpg,Reference/pathway_atlas/pathway_sheet_21_20m.jpg
path_0616.jpg,20:30,1230,Reference/youtube_tUMoegiI5_Q/pathway_frames_2sec/path_0616.jpg,Reference/pathway_atlas/pathway_sheet_21_20m.jpg
path_0617.jpg,20:32,1232,Reference/youtube_tUMoegiI5_Q/pathway_frames_2sec/path_0617.jpg,Reference/pathway_atlas/pathway_sheet_21_20m.jpg
path_0618.jpg,20:34,1234,Reference/youtube_tUMoegiI5_Q/pathway_frames_2sec/path_0618.jpg,Reference/pathway_atlas/pathway_sheet_21_20m.jpg
path_0619.jpg,20:36,1236,Reference/youtube_tUMoegiI5_Q/pathway_frames_2sec/path_0619.jpg,Reference/pathway_atlas/pathway_sheet_21_20m.jpg
path_0620.jpg,20:38,1238,Reference/youtube_tUMoegiI5_Q/pathway_frames_2sec/path_0620.jpg,Reference/pathway_atlas/pathway_sheet_21_20m.jpg
path_0621.jpg,20:40,1240,Reference/youtube_tUMoegiI5_Q/pathway_frames_2sec/path_0621.jpg,Reference/pathway_atlas/pathway_sheet_21_20m.jpg
path_0622.jpg,20:42,1242,Reference/youtube_tUMoegiI5_Q/pathway_frames_2sec/path_0622.jpg,Reference/pathway_atlas/pathway_sheet_21_20m.jpg
path_0623.jpg,20:44,1244,Reference/youtube_tUMoegiI5_Q/pathway_frames_2sec/path_0623.jpg,Reference/pathway_atlas/pathway_sheet_21_20m.jpg
path_0624.jpg,20:46,1246,Reference/youtube_tUMoegiI5_Q/pathway_frames_2sec/path_0624.jpg,Reference/pathway_atlas/pathway_sheet_21_20m.jpg
path_0625.jpg,20:48,1248,Reference/youtube_tUMoegiI5_Q/pathway_frames_2sec/path_0625.jpg,Reference/pathway_atlas/pathway_sheet_21_20m.jpg
path_0626.jpg,20:50,1250,Reference/youtube_tUMoegiI5_Q/pathway_frames_2sec/path_0626.jpg,Reference/pathway_atlas/pathway_sheet_21_20m.jpg
path_0627.jpg,20:52,1252,Reference/youtube_tUMoegiI5_Q/pathway_frames_2sec/path_0627.jpg,Reference/pathway_atlas/pathway_sheet_21_20m.jpg
path_0628.jpg,20:54,1254,Reference/youtube_tUMoegiI5_Q/pathway_frames_2sec/path_0628.jpg,Reference/pathway_atlas/pathway_sheet_21_20m.jpg
path_0629.jpg,20:56,1256,Reference/youtube_tUMoegiI5_Q/pathway_frames_2sec/path_0629.jpg,Reference/pathway_atlas/pathway_sheet_21_20m.jpg
