file,timestamp,note
key_00_00_00.jpg,00:00:00,"start festival lawn / tower and tents"
key_00_00_20.jpg,00:00:20,"pumpkin arch gateway"
key_00_01_00.jpg,00:01:00,"curved planted path"
key_00_01_50.jpg,00:01:50,"skull rock / garden prop"
key_00_02_00.jpg,00:02:00,"round fire pit"
key_00_03_20.jpg,00:03:20,"shop entrance / display window"
key_00_04_50.jpg,00:04:50,"food counter / confection interior"
key_00_06_30.jpg,00:06:30,"map sign / haunt circus board"
key_00_07_30.jpg,00:07:30,"Barters Post facade"
key_00_08_20.jpg,00:08:20,"Emery Chapel across gravel yard"
key_00_09_10.jpg,00:09:10,"menu board / cafe entrance"
key_00_10_30.jpg,00:10:30,"Barters Post sign closeup"
key_00_11_20.jpg,00:11:20,"stone cemetery gate"
key_00_12_00.jpg,00:12:00,"back path cages/fencing"
key_00_13_20.jpg,00:13:20,"rope bridge / water-rock edge"
key_00_14_20.jpg,00:14:20,"wooden building entry"
key_00_15_20.jpg,00:15:20,"balcony over ruins"
key_00_16_40.jpg,00:16:40,"ruin courtyard exit"
key_00_17_40.jpg,00:17:40,"Big Top / circus tent"
key_00_19_30.jpg,00:19:30,"vendor street / string lights"
key_00_20_50.jpg,00:20:50,"final sign board / exit side"
